date,code,name,price,change,changeRate,nav,return3m,volume,aum
2026-06-08,069500,"KODEX 200",119560,-11470,-8.75,119408,57.4867,25098830,26189600000000
2026-06-08,360750,"TIGER 미국S&P500",28170,-675,-2.34,28087,15.9456,19319526,18921800000000
2026-06-08,396500,"TIGER 반도체TOP10",44090,-5465,-11.03,44074,45.3684,22809526,11582400000000
2026-06-08,133690,"TIGER 미국나스닥100",197840,-7660,-3.73,196661,26.6754,1206254,10970200000000
2026-06-08,102110,"TIGER 200",119585,-11315,-8.64,119452,57.2815,7374846,10350100000000
2026-06-08,379800,"KODEX 미국S&P500",25695,-585,-2.23,25608,15.8947,21970872,9711400000000
2026-06-08,379810,"KODEX 미국나스닥100",29585,-1165,-3.79,29451,26.644,7759599,8385900000000
2026-06-08,278530,"KODEX 200TR",43200,-4150,-8.76,43156,57.022,2661363,8164800000000
2026-06-08,488770,"KODEX 머니마켓액티브",104565,10,0.01,104569,0.805,1223623,8055200000000
2026-06-08,122630,"KODEX 레버리지",158165,-31665,-16.68,155848,124.6907,21855290,7599800000000
2026-06-08,459580,"KODEX CD금리액티브(합성)",1074240,80,0.01,1074227,0.7102,374039,7285800000000
2026-06-08,381180,"TIGER 미국필라델피아반도체나스닥",49530,-4250,-7.9,48994,77.6026,4988040,6258100000000
2026-06-08,091160,"KODEX 반도체",141910,-15270,-9.71,141272,56.4089,6455318,5846700000000
2026-06-08,498400,"KODEX 200타겟위클리커버드콜",23595,-2200,-8.53,23455,52.5464,16763627,5783100000000
2026-06-08,310970,"TIGER MSCI Korea TR",53350,-5015,-8.59,53107,59.7946,45353,5377700000000
2026-06-08,0167A0,"SOL AI반도체TOP2플러스",20955,-1850,-8.11,20925,,45162160,5158100000000
2026-06-08,229200,"KODEX 코스닥150",15790,-1765,-10.05,15783,-10.2094,38821114,4557800000000
2026-06-08,411060,"ACE KRX금현물",29020,-1145,-3.8,29598,-11.0964,2359500,4443000000000
2026-06-08,148020,"RISE 200",120310,-11530,-8.75,120111,57.4683,1285441,4337200000000
2026-06-08,273130,"KODEX 종합채권(AA-이상)액티브",109530,-520,-0.47,109803,-3.108,42170,4285700000000
2026-06-08,423160,"KODEX KOFR금리액티브(합성)",110710,5,0,110701,0.6705,181145,4250000000000
2026-06-08,381170,"TIGER 미국테크TOP10 INDXX",33815,-1045,-3,33745,19.4653,1639601,4189700000000
2026-06-08,395270,"HANARO Fn K-반도체",63645,-5715,-8.24,63429,101.2231,16124551,4121000000000
2026-06-08,360200,"ACE 미국S&P500",28485,-660,-2.26,28393,15.9169,1668969,4053400000000
2026-06-08,357870,"TIGER CD금리투자KIS(합성)",57590,5,0.01,57587,0.7082,527489,3959700000000
2026-06-08,458730,"TIGER 미국배당다우존스",15670,-210,-1.32,15648,9.345,3226778,3854800000000
2026-06-08,102780,"KODEX 삼성그룹",28800,-2745,-8.7,28926,73.2501,1667110,3790100000000
2026-06-08,395160,"KODEX AI반도체TOP2플러스",45000,-3725,-7.64,44958,73.3939,9867829,3667500000000
2026-06-08,367380,"ACE 미국나스닥100",34005,-1270,-3.6,33814,26.4407,1309202,3492300000000
2026-06-08,487240,"KODEX AI전력핵심설비",40415,-2940,-6.78,40382,41.2307,4234629,3334200000000
2026-06-08,0162Z0,"RISE 삼성전자SK하이닉스채권혼합50",13720,-655,-4.56,13719,43.5169,18475525,3233800000000
2026-06-08,481050,"KODEX CD1년금리플러스액티브(합성)",1022300,85,0.01,1022279,0.7224,17466,2913600000000
2026-06-08,233740,"KODEX 코스닥150레버리지",10170,-2520,-19.86,9982,-24.1256,67777836,2881200000000
2026-06-08,278540,"KODEX MSCI Korea TR",42440,-4020,-8.65,42282,58.5936,221954,2877400000000
2026-06-08,0043B0,"TIGER 머니마켓액티브",102665,10,0.01,102666,0.8101,198283,2798400000000
2026-06-08,139260,"TIGER 200 IT",157135,-15345,-8.9,156493,109.4966,2075342,2639900000000
2026-06-08,455890,"RISE 머니마켓액티브",55050,5,0.01,55057,0.7781,414261,2584600000000
2026-06-08,456600,"TIME 글로벌AI인공지능액티브",65930,-4360,-6.2,66180,71.9212,849688,2484200000000
2026-06-08,161510,"PLUS 고배당주",25325,-1260,-4.74,25304,2.4822,2824317,2403100000000
2026-06-08,292150,"TIGER 코리아TOP10",41885,-3980,-8.68,41633,50.2719,3224476,2322500000000
2026-06-08,0183J0,"TIGER 미국우주테크",13550,-1880,-12.18,13679,,16629041,2299400000000
2026-06-08,426030,"TIME 미국나스닥100액티브",54525,-3635,-6.25,54391,54.3319,1573713,2207200000000
2026-06-08,449170,"TIGER KOFR금리액티브(합성)",111055,0,0,111051,0.6434,176179,2174600000000
2026-06-08,284430,"KODEX 200미국채혼합",23150,-1000,-4.14,23102,23.4663,2471345,2157600000000
2026-06-08,385540,"RISE 종합채권(A-이상)액티브",102505,-500,-0.49,102563,-3.0131,14078,2156100000000
2026-06-08,214980,"KODEX 단기채권PLUS",114640,0,0,114688,0.4803,89080,2088600000000
2026-06-08,294400,"KIWOOM 200TR",156565,-14920,-8.7,156386,57.5207,255790,2074500000000
2026-06-08,487230,"KODEX 미국AI전력핵심인프라",25080,-1535,-5.77,25225,32.3542,1579803,1967500000000
2026-06-08,486290,"TIGER 미국나스닥100타겟데일리커버드콜",11980,-435,-3.5,11889,24.9475,3700653,1840100000000
2026-06-08,305720,"KODEX 2차전지산업",16280,-1645,-9.18,16262,7.2494,7054856,1838000000000
2026-06-08,0193T0,"KODEX SK하이닉스단일종목레버리지",19605,-3555,-15.35,19137,,111287603,1806600000000
2026-06-08,152100,"PLUS 200",121220,-11580,-8.72,121196,57.3076,597799,1781900000000
2026-06-08,494310,"KODEX 반도체레버리지",125150,-28235,-18.41,124591,111.8577,2101248,1770900000000
2026-06-08,105190,"ACE 200",120015,-11470,-8.72,119786,57.7592,603714,1770200000000
2026-06-08,453850,"ACE 미국30년국채액티브(H)",7390,-60,-0.81,7438,-2.5259,3447710,1742600000000
2026-06-08,315930,"KODEX Top5PlusTR",89640,-8260,-8.44,89513,60.9932,250656,1739000000000
2026-06-08,472150,"TIGER 배당커버드콜액티브",23315,-2225,-8.71,23238,56.2067,4806521,1714600000000
2026-06-08,446770,"ACE 글로벌반도체TOP4 Plus",85700,-6400,-6.95,84699,57.2368,793896,1692600000000
2026-06-08,0193W0,"KODEX 삼성전자단일종목레버리지",20270,-5295,-20.71,20038,,84237909,1666700000000
2026-06-08,466920,"SOL 조선TOP3플러스",33300,-2250,-6.33,33321,1.4318,2058054,1658300000000
2026-06-08,441640,"KODEX 미국배당커버드콜액티브",13600,-235,-1.7,13589,8.3291,1481413,1613000000000
2026-06-08,368590,"RISE 미국나스닥100",32975,-1245,-3.64,32800,26.5576,398206,1569600000000
2026-06-08,379780,"RISE 미국S&P500",24640,-560,-2.22,24555,16.0822,367437,1542500000000
2026-06-08,091230,"TIGER 반도체",149165,-16105,-9.74,147816,56.3038,1354914,1479700000000
2026-06-08,477080,"RISE CD금리액티브(합성)",106720,-25,-0.02,106731,0.698,16692,1470700000000
2026-06-08,475630,"TIGER CD1년금리액티브(합성)",1068225,90,0.01,1068222,0.7137,37796,1451600000000
2026-06-08,445290,"KODEX 로봇액티브",39525,-3730,-8.62,39367,29.3354,2614374,1434800000000
2026-06-08,232080,"TIGER 코스닥150",16150,-1815,-10.1,16107,-9.7541,5611205,1419600000000
2026-06-08,390390,"KODEX 미국반도체",60190,-4400,-6.81,59613,62.2505,1024846,1360300000000
2026-06-08,329200,"TIGER 리츠부동산인프라",3760,-100,-2.59,3799,-13.3914,6321480,1358700000000
2026-06-08,0072R0,"TIGER KRX금현물",13910,-500,-3.47,14144,-11.0494,1463053,1356200000000
2026-06-08,157450,"TIGER 단기통안채",111880,10,0.01,111876,0.5979,52251,1344900000000
2026-06-08,488080,"TIGER 반도체TOP10레버리지",68190,-15720,-18.73,67425,82.7308,3606642,1288800000000
2026-06-08,497570,"TIGER 미국필라델피아AI반도체나스닥",24090,-1665,-6.46,23878,52.9594,1601415,1285200000000
2026-06-08,436140,"SOL 종합채권(AA-이상)액티브",105815,-485,-0.46,105941,-3.0154,418,1278100000000
2026-06-08,0195S0,"TIGER SK하이닉스단일종목레버리지",16475,-3310,-16.73,16202,,75258955,1260300000000
2026-06-08,442580,"PLUS 글로벌HBM반도체",109440,-10360,-8.65,108416,97.2991,2234714,1257500000000
2026-06-08,252670,"KODEX 200선물인버스2X",103,15,17.05,105,-68.4588,11043965080,1253100000000
2026-06-08,448330,"KODEX 삼성전자채권혼합",17600,-585,-3.22,17574,18.5159,2410582,1251400000000
2026-06-08,0117L0,"KODEX 26-12 금융채(AA-이상)액티브",10090,-5,-0.05,10090,0.7485,87776,1230500000000
2026-06-08,449450,"PLUS K방산",57445,-4065,-6.61,57088,-19.4124,530558,1216100000000
2026-06-08,0139F0,"TIGER 12월자동연장금융채(AA-이상)액티브",101355,-25,-0.02,101376,0.6402,164,1196800000000
2026-06-08,469830,"SOL 초단기채권액티브",53935,-5,-0.01,53945,0.7941,445792,1193600000000
2026-06-08,494890,"KODEX 200액티브",34425,-3330,-8.82,34368,57.2646,1012504,1177300000000
2026-06-08,356540,"ACE 종합채권(AA-이상)액티브",100705,-510,-0.5,100797,-3.0879,20164,1164300000000
2026-06-08,114800,"KODEX 인버스",1080,84,8.43,1090,-41.1,1039614047,1153100000000
2026-06-08,438080,"ACE 미국S&P500미국채혼합50액티브",15270,-225,-1.45,15252,10.8369,1221096,1142200000000
2026-06-08,465580,"ACE 미국빅테크TOP7 Plus",25520,-870,-3.3,25482,20.861,1027018,1126700000000
2026-06-08,469150,"ACE AI반도체TOP3+",68000,-6945,-9.27,67856,58.9704,2175010,1125400000000
2026-06-08,0177N0,"KODEX 삼성전자SK하이닉스채권혼합50",14465,-725,-4.77,14458,,7918165,1102200000000
2026-06-08,371460,"TIGER 차이나전기차SOLACTIVE",13050,-435,-3.23,13083,9.4117,914047,1084700000000
2026-06-08,451540,"TIGER 종합채권(AA-이상)액티브",52570,-305,-0.58,52672,-3.2391,53491,1083300000000
2026-06-08,457480,"ACE 테슬라밸류체인액티브",22575,-1595,-6.6,22653,14.0363,2330847,1065500000000
2026-06-08,226490,"KODEX 코스피",77140,-7095,-8.42,77032,46.4119,1053827,1056800000000
2026-06-08,237350,"KODEX 코스피100",95630,-9170,-8.75,95626,58.6466,1830281,1037600000000
2026-06-08,305540,"TIGER 2차전지테마",20130,-2090,-9.41,20187,7.9812,734153,1018600000000
2026-06-08,0117V0,"TIGER 코리아AI전력기기TOP3플러스",20840,-1630,-7.25,20964,36.1405,3640277,1017000000000
2026-06-08,446720,"SOL 미국배당다우존스",14355,-210,-1.44,14350,9.3681,350427,1009200000000
2026-06-08,479520,"RISE KOFR금리액티브(합성)",105705,0,0,105703,0.6618,6141,1001700000000
2026-06-08,423920,"TIGER 미국필라델피아반도체레버리지(합성)",125420,-22215,-15.05,121875,198.0631,392738,994600000000
2026-06-08,495050,"RISE 코리아밸류업",35020,-3235,-8.46,35002,52.253,1679883,985800000000
2026-06-08,455850,"SOL AI반도체소부장",25900,-3540,-12.02,25800,6.4302,3549219,984200000000
2026-06-08,0195R0,"TIGER 삼성전자단일종목레버리지",18705,-4880,-20.69,18390,,51154713,952600000000
2026-06-08,138540,"TIGER 현대차그룹플러스",64000,-6345,-9.02,64266,16.485,1305867,924200000000
2026-06-08,476550,"TIGER 미국30년국채커버드콜액티브(H)",7145,-65,-0.9,7189,-1.9682,2238412,919900000000
2026-06-08,449180,"KODEX 미국S&P500(H)",16580,-335,-1.98,16561,9.8254,712479,913600000000
2026-06-08,402970,"ACE 미국배당다우존스",15950,-245,-1.51,15939,9.7235,581999,909200000000
2026-06-08,441800,"TIME Korea플러스배당액티브",32360,-3070,-8.66,32246,32.0666,1140763,895700000000
2026-06-08,243880,"TIGER 200IT레버리지",568000,-128990,-18.51,569800,281.4942,299539,894600000000
2026-06-08,144600,"KODEX 은선물(H)",11015,-780,-6.61,11019,-13.1124,2852856,894400000000
2026-06-08,475720,"RISE 200위클리커버드콜",14200,-1280,-8.27,14154,32.6094,2817892,880400000000
2026-06-08,479080,"1Q 머니마켓액티브",53340,0,0,53340,0.7936,63031,877700000000
2026-06-08,494300,"KODEX 미국나스닥100데일리커버드콜OTM",10815,-430,-3.82,10782,20.7066,2213733,876000000000
2026-06-08,487340,"ACE 머니마켓액티브",104990,-5,0,104994,0.8452,31485,875800000000
2026-06-08,153130,"KODEX 단기채권",113295,-10,-0.01,113310,0.4954,64766,862600000000
2026-06-08,438100,"ACE 미국나스닥100미국채혼합50액티브",16705,-350,-2.05,16687,15.8234,794768,862000000000
2026-06-08,069660,"KIWOOM 200",119270,-11665,-8.91,119237,58.2423,1034949,858700000000
2026-06-08,481060,"KODEX 미국30년국채타겟커버드콜(합성 H)",7725,-95,-1.21,7817,-2.3901,1204656,856300000000
2026-06-08,367760,"RISE 네트워크인프라",72710,-5685,-7.25,72129,144.915,2541202,854300000000
2026-06-08,385560,"RISE KIS국고채30년Enhanced",54010,-1065,-1.93,53981,-16.0571,99293,841000000000
2026-06-08,466940,"TIGER 은행고배당플러스TOP10",24475,-1880,-7.13,24385,4.2652,1831388,826000000000
2026-06-08,102970,"KODEX 증권",22580,-2725,-10.77,22664,-2.9112,3236951,820800000000
2026-06-08,491010,"TIGER 글로벌AI전력인프라액티브",33425,-2405,-6.71,33418,51.7898,387677,811200000000
2026-06-08,434730,"HANARO 원자력iSelect",62850,-5640,-8.23,63175,8.2017,406470,791900000000
2026-06-08,272580,"TIGER 단기채권액티브",56690,-25,-0.04,56710,0.6388,71764,786400000000
2026-06-08,495850,"KODEX 코리아밸류업",34780,-3350,-8.79,34775,53.7658,913763,784300000000
2026-06-08,490590,"RISE 미국AI밸류체인데일리고정커버드콜",16835,-1200,-6.65,16773,52.9749,1772937,771900000000
2026-06-08,0061Z0,"RISE 단기특수은행채액티브",50645,-5,-0.01,50652,0.6958,7429,768000000000
2026-06-08,498410,"KODEX 금융고배당TOP10타겟위클리커버드콜",11510,-835,-6.76,11452,-1.6131,3276824,743500000000
2026-06-08,458760,"TIGER 미국배당다우존스타겟커버드콜2호",11665,-60,-0.51,11653,6.9259,738140,737800000000
2026-06-08,371160,"TIGER 차이나항셍테크",7960,-285,-3.46,7968,7.1442,1028718,737100000000
2026-06-08,0025N0,"TIGER TDF2045 적격",12670,-255,-1.97,12677,12.0988,766016,727300000000
2026-06-08,295040,"SOL 200TR",44735,-4280,-8.73,44625,57.2505,414513,718000000000
2026-06-08,0148J0,"TIGER 코리아휴머노이드로봇산업",12930,-1220,-8.62,12976,9.5625,8635754,712400000000
2026-06-08,0167Z0,"KODEX 미국우주항공",12115,-1060,-8.05,12223,,5915912,706300000000
2026-06-08,455030,"KODEX 미국달러SOFR금리액티브(합성)",13180,-45,-0.34,13197,5.739,353538,693900000000
2026-06-08,0190C0,"RISE 현대차고정피지컬AI",12115,-1250,-9.35,12182,,7726919,693000000000
2026-06-08,0127P0,"ACE 미국대형성장주액티브",11505,-400,-3.36,11490,23.9458,245353,689700000000
2026-06-08,0048J0,"KODEX 미국머니마켓액티브",15380,-30,-0.19,15369,5.8561,1133005,679300000000
2026-06-08,456610,"TIGER 미국달러SOFR금리액티브(합성)",66040,-200,-0.3,65996,5.8569,96098,675200000000
2026-06-08,364980,"TIGER 2차전지TOP10",10690,-1170,-9.87,10772,14.7556,4650217,674500000000
2026-06-08,0015B0,"KoAct 미국나스닥성장기업액티브",22980,-1735,-7.02,23035,53.748,746001,672200000000
2026-06-08,463250,"TIGER K방산&우주",35770,-2735,-7.1,35939,-21.7946,482870,665300000000
2026-06-08,251600,"PLUS 고배당주채권혼합",15370,-350,-2.23,15394,0.8236,699133,662400000000
2026-06-08,0101N0,"RISE AI전력인프라",20110,-1635,-7.52,20217,40.4262,733070,661600000000
2026-06-08,494670,"TIGER 조선TOP10",26015,-1915,-6.86,26094,-0.5646,907484,660800000000
2026-06-08,0177R0,"TIGER 반도체TOP10커버드콜액티브",13520,-1330,-8.96,13416,,3129915,647600000000
2026-06-08,462330,"KODEX 2차전지산업레버리지",1480,-319,-17.73,1468,6.0731,59027731,647100000000
2026-06-08,484790,"KODEX 미국30년국채액티브(H)",8495,-90,-1.05,8538,-2.7957,882693,644000000000
2026-06-08,314250,"KODEX 미국빅테크10(H)",57670,-2030,-3.4,57392,17.9482,87279,639000000000
2026-06-08,0091P0,"TIGER 코리아원자력",17270,-1900,-9.91,17373,8.7515,2193964,635500000000
2026-06-08,0167B0,"SOL 200타겟위클리커버드콜",13500,-1225,-8.32,13461,,3417042,631800000000
2026-06-08,444200,"SOL 코리아메가테크액티브",51850,-4895,-8.63,51593,30.1722,313258,622200000000
2026-06-08,434060,"KODEX TDF2050액티브 적격",18060,-620,-3.32,18060,13.0296,367101,621300000000
2026-06-08,315960,"RISE 대형고배당10TR",87545,-8545,-8.89,87389,65.9012,475265,617200000000
2026-06-08,482730,"TIGER 미국S&P500타겟데일리커버드콜",12910,-305,-2.31,12879,15.4675,696692,613900000000
2026-06-08,0131V0,"1Q 미국우주항공테크",13975,-1120,-7.42,14093,15.4106,1164745,612100000000
2026-06-08,462010,"TIGER 2차전지소재Fn",5765,-655,-10.2,5795,-3.3374,3101501,612000000000
2026-06-08,365780,"ACE 국고채10년",81550,-675,-0.82,81617,-3.8248,22451,581300000000
2026-06-08,329750,"TIGER 미국달러단기채권액티브",14445,-25,-0.17,14416,5.9297,829782,578500000000
2026-06-08,471230,"KODEX 국고채10년액티브",102755,-740,-0.72,102851,-3.9846,20503,578500000000
2026-06-08,449190,"KODEX 미국나스닥100(H)",21970,-790,-3.47,21914,19.9004,597486,577800000000
2026-06-08,0105E0,"SOL 코리아고배당",13335,-495,-3.58,13335,5.696,943056,574700000000
2026-06-08,496080,"TIGER 코리아밸류업",34800,-3310,-8.69,34761,52.5197,890251,574200000000
2026-06-08,293180,"HANARO 200",119455,-11865,-9.04,119618,57.5324,200628,573400000000
2026-06-08,438330,"TIGER 우량회사채액티브",114095,-210,-0.18,114235,-1.1331,22214,570100000000
2026-06-08,114260,"KODEX 국고채3년",61040,-120,-0.2,61045,-1.0356,57499,563500000000
2026-06-08,091170,"KODEX 은행",14620,-1335,-8.37,14564,6.5962,9934247,562900000000
2026-06-08,466950,"TIGER 글로벌AI액티브",38460,-3520,-8.38,38647,69.9251,255111,561900000000
2026-06-08,0163Y0,"KoAct 코스닥액티브",10600,-1195,-10.13,10592,,2357799,557000000000
2026-06-08,489250,"KODEX 미국배당다우존스",13500,-190,-1.39,13497,9.4315,497091,556200000000
2026-06-08,0007F0,"KODEX 27-12 회사채(AA-이상)액티브",10090,-10,-0.1,10101,-0.1483,42821,544700000000
2026-06-08,483280,"KODEX 미국AI테크TOP10타겟커버드콜",13115,-565,-4.13,13105,18.9994,587002,544300000000
2026-06-08,0173Y0,"KODEX 미국AI광통신네트워크",14560,-1430,-8.94,14591,,2203024,542400000000
2026-06-08,473290,"KODEX 26-12 회사채(AA-이상)액티브",10795,-10,-0.09,10810,0.5116,17428,540900000000
2026-06-08,447770,"TIGER 테슬라채권혼합Fn",14445,-315,-2.13,14439,1.3478,481274,537400000000
2026-06-08,0023A0,"SOL 미국양자컴퓨팅TOP10",33080,-3600,-9.81,33526,57.1163,681299,535900000000
2026-06-08,251350,"KODEX MSCI선진국",41650,-1015,-2.38,41603,14.396,53042,535200000000
2026-06-08,091180,"KODEX 자동차",35700,-3135,-8.07,35542,20.6216,932189,528400000000
2026-06-08,451000,"PLUS 종합채권(AA-이상)액티브",107180,-265,-0.25,106971,-3.0718,78,526000000000
2026-06-08,361580,"RISE 200TR",67870,-6535,-8.78,67802,57.4209,216106,515800000000
2026-06-08,277630,"TIGER 코스피",77570,-7720,-9.05,78067,46.4153,148891,496400000000
2026-06-08,290130,"RISE ESG사회책임투자",51875,-4650,-8.23,51702,70.0092,438958,495400000000
2026-06-08,448290,"TIGER 미국S&P500(H)",17220,-350,-1.99,17200,9.9038,300847,491600000000
2026-06-08,458250,"TIGER 미국30년국채스트립액티브(합성 H)",36175,-565,-1.54,36584,-4.6086,197261,490600000000
2026-06-08,474220,"TIGER 미국테크TOP10타겟커버드콜",16430,-425,-2.52,16410,14.9036,199193,485500000000
2026-06-08,418660,"TIGER 미국나스닥100레버리지(합성)",49015,-3950,-7.46,48510,56.7011,539915,477900000000
2026-06-08,476800,"KODEX 한국부동산리츠인프라",4105,-130,-3.07,4143,-10.7446,1469620,475800000000
2026-06-08,480260,"TIGER 27-04회사채(A+이상)액티브",53410,-35,-0.07,53431,0.2344,11767,471200000000
2026-06-08,491620,"RISE 미국테크100데일리고정커버드콜",11870,-515,-4.16,11830,25.8599,1252922,467100000000
2026-06-08,499660,"TIGER CD금리플러스액티브(합성)",1000975,75,0.01,1000976,0.7257,16588,461900000000
2026-06-08,490490,"SOL 미국배당미국채혼합50",11975,-150,-1.24,11979,6.2203,531996,457400000000
2026-06-08,469070,"RISE AI&로봇",14565,-1290,-8.14,14623,3.2198,1839973,455900000000
2026-06-08,466930,"SOL 자동차TOP3플러스",34310,-3205,-8.54,34332,74.5373,1094189,454600000000
2026-06-08,385720,"TIME 코스피액티브",28545,-2600,-8.35,28390,50.0963,586475,451000000000
2026-06-08,451060,"1Q 200액티브",38420,-3740,-8.87,38352,57.4947,588440,438000000000
2026-06-08,462900,"KoAct 바이오헬스케어액티브",14890,-2270,-13.23,15000,-25.0656,1373860,428100000000
2026-06-08,0019K0,"TIME 미국나스닥100채권혼합50액티브",14255,-425,-2.9,14271,24.0388,969313,419100000000
2026-06-08,435420,"TIGER 미국나스닥100채권혼합50",14620,-300,-2.01,14568,10.7075,545071,417400000000
2026-06-08,471990,"KODEX AI반도체핵심장비",25850,-3135,-10.82,26021,13.5161,2831170,413600000000
2026-06-08,0016X0,"SOL 중단기회사채(A-이상)액티브",50945,-20,-0.04,50936,0.1473,2385,413200000000
2026-06-08,396520,"TIGER 차이나반도체FACTSET",15020,-730,-4.63,14932,44.761,934863,401900000000
2026-06-08,0052D0,"TIGER 코리아배당다우존스",15620,-875,-5.3,15589,4.8436,448479,396700000000
2026-06-08,123320,"TIGER 레버리지",158530,-31770,-16.69,155459,126.9393,271717,396300000000
2026-06-08,385550,"RISE 단기채권알파액티브",113315,5,0,113312,0.6171,5107,392700000000
2026-06-08,148070,"KIWOOM 국고채10년",103460,-710,-0.68,103449,-3.7824,25871,389000000000
2026-06-08,385510,"KODEX 신재생에너지액티브",41140,-4110,-9.08,41301,21.4002,165251,388800000000
2026-06-08,0144L0,"KODEX 미국성장커버드콜액티브",10660,-255,-2.34,10638,19.2197,645650,385900000000
2026-06-08,0040Y0,"SOL 팔란티어커버드콜OTM채권혼합",8410,-130,-1.52,8501,-0.6209,853038,385600000000
2026-06-08,0060H0,"TIGER 토탈월드스탁액티브",13545,-385,-2.76,13558,15.2431,459492,384700000000
2026-06-08,0080G0,"KODEX 방산TOP10",10800,-855,-7.34,10876,-20.0344,2395597,384500000000
2026-06-08,439870,"KODEX 국고채30년액티브",89835,-1435,-1.57,89769,-12.6185,21000,382500000000
2026-06-08,453810,"KODEX 인도Nifty50",12525,-225,-1.76,12600,-4.0547,246733,380100000000
2026-06-08,477050,"PLUS 머니마켓액티브",53075,-5,-0.01,53080,0.7593,73460,379600000000
2026-06-08,0053L0,"TIGER 차이나휴머노이드로봇",13570,-105,-0.77,13608,9.1396,1244483,377200000000
2026-06-08,454780,"KIWOOM 종합채권(AA-이상)액티브",99295,-450,-0.45,99331,-3.226,268,375800000000
2026-06-08,439860,"KODEX ESG종합채권(A-이상)액티브",112530,-170,-0.15,112699,-1.0666,249,374700000000
2026-06-08,426020,"TIME 미국S&P500액티브",35450,-1335,-3.63,35357,26.3872,193442,373600000000
2026-06-08,132030,"KODEX 골드선물(H)",24350,-730,-2.91,24320,-14.5486,124475,372600000000
2026-06-08,0043Y0,"TIME 차이나AI테크액티브",23265,-935,-3.86,23367,58.2733,445318,371100000000
2026-06-08,456880,"ACE 미국달러SOFR금리(합성)",13370,-35,-0.26,13360,5.5927,182343,370900000000
2026-06-08,448300,"TIGER 미국나스닥100(H)",22690,-810,-3.45,22627,19.8552,299948,366400000000
2026-06-08,270810,"RISE 코스닥150",15655,-1820,-10.41,15698,-10.5468,884741,366300000000
2026-06-08,310960,"TIGER 200TR",69705,-6645,-8.7,69611,56.8405,240959,362500000000
2026-06-08,157500,"TIGER 증권",15740,-1960,-11.07,15769,-2.4525,3694583,361700000000
2026-06-08,483320,"ACE 엔비디아밸류체인액티브",28555,-2060,-6.73,28154,75.143,797053,361200000000
2026-06-08,241180,"TIGER 일본니케이225",36830,-1470,-3.84,36930,23.848,75927,355800000000
2026-06-08,472170,"TIGER 미국테크TOP10채권혼합",14480,-240,-1.63,14447,8.5946,330934,355500000000
2026-06-08,453870,"TIGER 인도니프티50",12385,-225,-1.78,12469,-3.5513,328165,355400000000
2026-06-08,473330,"SOL 미국30년국채커버드콜(합성)",9245,-110,-1.18,9304,2.5981,680860,355000000000
2026-06-08,307520,"TIGER 지주회사",22715,-2215,-8.88,22832,25.9951,325404,352100000000
2026-06-08,279530,"KODEX 고배당주",17070,-910,-5.06,17154,3.6809,374862,351600000000
2026-06-08,441680,"TIGER 미국나스닥100커버드콜(합성)",11685,-165,-1.39,11711,10.4486,231535,348800000000
2026-06-08,213610,"KODEX 삼성그룹밸류",23985,-2105,-8.07,23947,55.1203,122717,343000000000
2026-06-08,448630,"RISE 삼성그룹Top3채권혼합",14975,-555,-3.57,14985,14.1012,428853,336900000000
2026-06-08,478150,"TIME 글로벌우주테크&방산액티브",22680,-1090,-4.59,22855,2.039,268863,333400000000
2026-06-08,483340,"ACE 구글밸류체인액티브",26480,-2265,-7.88,26170,63.7425,1234243,332300000000
2026-06-08,485540,"KODEX 미국AI테크TOP10",16500,-690,-4.01,16477,21.9426,390451,331700000000
2026-06-08,475080,"KODEX 테슬라커버드콜채권혼합액티브",8455,-175,-2.03,8496,3.916,407118,331000000000
2026-06-08,0046A0,"TIGER 미국초단기(3개월이하)국채",10610,-40,-0.38,10596,5.5322,2309855,327700000000
2026-06-08,0038A0,"KODEX 미국휴머노이드로봇",18050,-995,-5.22,17991,18.8035,258095,327600000000
2026-06-08,484880,"SOL 금융지주플러스고배당",20525,-2005,-8.9,20443,6.8272,906049,327400000000
2026-06-08,0162Y0,"TIME 코스닥액티브",8980,-980,-9.84,8935,,2964570,326400000000
2026-06-08,461490,"RISE 글로벌자산배분액티브",15040,-235,-1.54,15075,1.1258,182282,326400000000
2026-06-08,495230,"KoAct 코리아밸류업액티브",35220,-3275,-8.51,35073,52.5205,304650,324000000000
2026-06-08,139230,"TIGER 200 중공업",15180,-1215,-7.41,15236,3.1132,557413,323900000000
2026-06-08,474590,"WON 반도체밸류체인액티브",46140,-4975,-9.73,46206,74.2457,318783,323000000000
2026-06-08,481190,"SOL 미국테크TOP10",18285,-600,-3.18,18281,19.4235,564087,322700000000
2026-06-08,245710,"ACE 베트남VN30(합성)",31550,-635,-1.97,31971,4.395,66185,318700000000
2026-06-08,283580,"KODEX 차이나CSI300",17245,-400,-2.27,17156,11.3142,236340,317300000000
2026-06-08,190620,"ACE 단기통안채",101315,-10,-0.01,101328,0.5507,74891,310500000000
2026-06-08,388420,"RISE 비메모리반도체액티브",32785,-3315,-9.18,32648,70.283,282662,309500000000
2026-06-08,476760,"ACE 미국30년국채액티브",10235,-125,-1.21,10297,2.4819,676819,309100000000
2026-06-08,433330,"SOL 미국S&P500",23525,-550,-2.28,23452,15.7634,990894,308200000000
2026-06-08,0026S0,"1Q 미국S&P500",13780,-340,-2.41,13753,15.8345,284848,307300000000
2026-06-08,489030,"PLUS 고배당주위클리커버드콜",6670,-330,-4.71,6691,-17.675,1147450,306200000000
2026-06-08,471040,"KoAct 글로벌AI&로봇액티브",35180,-2920,-7.66,35153,56.3718,358087,304300000000
2026-06-08,0094K0,"TIGER 28-04 회사채(A+이상)액티브",98465,-115,-0.12,98435,-0.7401,8629,304100000000
2026-06-08,472920,"HK 종합채권(AA-이상)액티브",97850,-315,-0.32,97773,-3.2858,157,301500000000
2026-06-08,433500,"ACE 원자력TOP10",61465,-5605,-8.36,61476,10.9296,189311,301200000000
2026-06-08,486450,"SOL 미국AI전력인프라",23815,-1520,-6,23986,20.7934,139698,292900000000
2026-06-08,0052S0,"1Q 미국S&P500미국채혼합50액티브",12655,-145,-1.13,12627,10.9082,296342,292300000000
2026-06-08,442320,"RISE 글로벌원자력",41020,-3275,-7.39,41085,0.2262,59967,285900000000
2026-06-08,363570,"KODEX 장기종합채권(AA-이상)액티브",86880,-665,-0.76,86800,-6.872,1702,284500000000
2026-06-08,394670,"TIGER 글로벌리튬&2차전지SOLACTIVE(합성)",13095,-805,-5.79,13189,21.4504,91207,278700000000
2026-06-08,196230,"RISE 단기통안채",116235,0,0,116258,0.558,29944,277900000000
2026-06-08,0111P0,"1Q 미국나스닥100미국채혼합50액티브",11900,-255,-2.1,11879,16.135,395178,277300000000
2026-06-08,267770,"TIGER 200선물레버리지",120385,-25900,-17.71,118529,127.6986,123792,276900000000
2026-06-08,273140,"KODEX 단기변동금리부채권액티브",114820,5,0,114811,0.6337,8045,275200000000
2026-06-08,0047A0,"TIGER 차이나테크TOP10",15460,-545,-3.41,15392,45.8314,166594,275200000000
2026-06-08,472870,"RISE 미국30년국채엔화노출(합성 H)",7860,-125,-1.57,7908,-0.9699,1098585,275100000000
2026-06-08,493810,"TIGER 미국AI빅테크10타겟데일리커버드콜",12810,-435,-3.28,12757,19.9644,438406,271600000000
2026-06-08,442570,"RISE TDF2050액티브 적격",18510,-635,-3.32,18400,17.9605,290199,270200000000
2026-06-08,437080,"KODEX 미국종합채권ESG액티브(H)",98505,-635,-0.64,98574,-0.8166,20766,268400000000
2026-06-08,498270,"KIWOOM 미국양자컴퓨팅",17360,-1840,-9.58,17599,55.0726,328964,267300000000
2026-06-08,271050,"KODEX WTI원유선물인버스(H)",1938,-47,-2.37,1943,-36.3783,4864168,263200000000
2026-06-08,421320,"PLUS 우주항공",34525,-2475,-6.69,34770,-17.8396,475078,262400000000
2026-06-08,471780,"TIGER 코리아테크액티브",39900,-3900,-8.9,39740,79.3144,352690,262100000000
2026-06-08,458260,"TIGER 미국투자등급회사채액티브(H)",47265,-435,-0.91,47475,-0.8834,39038,261500000000
2026-06-08,302190,"TIGER 중장기국채",49540,-200,-0.4,49525,-2.3845,28900,259600000000
2026-06-08,495060,"TIME 코리아밸류업액티브",33260,-3290,-9,33340,57.611,337148,259400000000
2026-06-08,463050,"TIME K바이오액티브",12930,-1720,-11.74,13036,-26.6033,516820,257300000000
2026-06-08,302450,"RISE 코스피",77920,-7000,-8.24,77612,47.4584,21233,257100000000
2026-06-08,0098F0,"KODEX 원자력SMR",16325,-1835,-10.1,16456,5.8237,996459,256300000000
2026-06-08,364970,"TIGER 바이오TOP10",6370,-655,-9.32,6422,-17.0464,1676798,255400000000
2026-06-08,409820,"KODEX 미국나스닥100레버리지(합성 H)",19920,-1465,-6.85,19761,42.2347,399658,255000000000
2026-06-08,488980,"SOL 26-12 회사채(AA-이상)액티브",51755,5,0.01,51761,0.6613,742,254500000000
2026-06-08,472160,"TIGER 미국테크TOP10 INDXX(H)",18625,-525,-2.74,18623,13.0794,1206578,253300000000
2026-06-08,448540,"ACE 엔비디아채권혼합",26700,-365,-1.35,26653,7.8716,114699,251000000000
2026-06-08,0092C0,"SOL 27-12 회사채(AA-이상)액티브",49835,-15,-0.03,49847,0.1104,673,249100000000
2026-06-08,414780,"TIGER 차이나과창판STAR50(합성)",14910,-710,-4.55,14910,27.9279,521798,249000000000
2026-06-08,0048K0,"KODEX 차이나휴머노이드로봇",12000,160,1.35,11967,12.2424,2774718,248400000000
2026-06-08,0151S0,"KODEX 미국AI반도체TOP3플러스",16505,-1200,-6.78,16395,69.3007,803691,246700000000
2026-06-08,497880,"SOL CD금리&머니마켓액티브",50040,-5,-0.01,50050,0.8222,255860,246300000000
2026-06-08,473460,"KODEX 미국서학개미",26400,-1570,-5.61,26447,27.0732,133704,244200000000
2026-06-08,363580,"KODEX 200IT TR",62400,-6120,-8.93,62324,109.7016,458730,243400000000
2026-06-08,0008S0,"TIGER 미국배당다우존스타겟데일리커버드콜",10650,-175,-1.62,10664,9.2236,450075,242800000000
2026-06-08,422420,"RISE 2차전지액티브",7835,-810,-9.37,7793,3.0393,346522,242100000000
2026-06-08,329650,"KODEX TRF3070",14495,-95,-0.65,14486,2.1306,83404,242100000000
2026-06-08,305080,"TIGER 미국채10년선물",13695,-165,-1.19,13686,3.125,142662,241000000000
2026-06-08,423170,"SOL 글로벌AI반도체탑픽액티브",62780,-5370,-7.88,62521,68.5696,190736,238600000000
2026-06-08,0180V0,"ACE 미국우주테크액티브",11995,-1325,-9.95,12075,,3224513,236900000000
2026-06-08,463290,"1Q 단기금융채액티브",108475,15,0.01,108476,0.6729,3465,236000000000
2026-06-08,490090,"TIGER 미국AI빅테크10",17060,-570,-3.23,17019,21.0435,213155,235400000000
2026-06-08,0089D0,"KODEX 금융고배당TOP10",12770,-1065,-7.7,12763,7.1379,609681,233700000000
2026-06-08,0005G0,"IBK K-AI반도체코어테크",60720,-5475,-8.27,60997,124.5079,202843,230700000000
2026-06-08,476450,"KIWOOM 머니마켓액티브",52390,5,0.01,52399,0.75,4956,230600000000
2026-06-08,0104N0,"TIGER 200타겟위클리커버드콜",23470,-2380,-9.21,23385,56.5023,342721,230000000000
2026-06-08,266160,"RISE 고배당",35205,-3030,-7.92,35119,32.1918,115461,228800000000
2026-06-08,261260,"KODEX 미국달러선물인버스2X",4340,15,0.35,4356,-10.1766,1356285,228500000000
2026-06-08,228790,"TIGER 화장품",3180,-200,-5.92,3203,3.0788,1529104,228500000000
2026-06-08,491610,"1Q CD금리액티브(합성)",104155,5,0,103862,0.7058,10455,222200000000
2026-06-08,332930,"HANARO 200TR",156525,-15115,-8.81,156388,57.5256,8010,219100000000
2026-06-08,244580,"KODEX 바이오",9180,-1080,-10.53,9249,-20.7416,936821,218900000000
2026-06-08,496020,"WON 전단채플러스액티브",52005,-5,-0.01,52019,0.8043,27072,217400000000
2026-06-08,251340,"KODEX 코스닥150선물인버스",2440,225,10.16,2472,4.4811,33912089,212800000000
2026-06-08,0151P0,"RISE 코리아전략산업액티브",17050,-1790,-9.5,17121,42.1886,488374,212300000000
2026-06-08,0051G0,"SOL 미국원자력SMR",15345,-1260,-7.59,15381,-0.6669,115176,211800000000
2026-06-08,452360,"SOL 미국배당다우존스(H)",12680,-115,-0.9,12666,3.9355,181109,209200000000
2026-06-08,0190G0,"KODEX 반도체타겟위클리커버드콜",9880,-985,-9.07,9829,,3003444,208500000000
2026-06-08,0119H0,"KODEX 28-12 회사채(AA-이상)액티브",9835,-5,-0.05,9830,-0.8065,8825,206900000000
2026-06-08,0040X0,"SOL 팔란티어미국채커버드콜혼합",9940,-260,-2.55,10057,0.976,429082,206300000000
2026-06-08,160580,"TIGER 구리실물",16950,-320,-1.85,17435,11.2757,259275,205900000000
2026-06-08,495550,"SOL 코리아밸류업TR",35675,-3240,-8.33,35521,51.8337,207426,205100000000
2026-06-08,0064K0,"KODEX 금액티브",13805,-505,-3.53,13865,-9.7161,272603,202900000000
2026-06-08,0182R0,"1Q K반도체TOP2+",12830,-1520,-10.59,12810,,2459807,200100000000
2026-06-08,0115D0,"KODEX 조선TOP10",9070,-665,-6.83,9079,0.9414,2582753,196800000000
2026-06-08,461270,"ACE 26-06 회사채(AA-이상)액티브",11195,0,0,11213,0.7016,29946,195500000000
2026-06-08,461950,"KODEX 2차전지핵심소재10",5770,-635,-9.91,5793,-0.4971,1202170,192700000000
2026-06-08,403790,"MIDAS 코스피액티브",62455,-5395,-7.95,62426,45.7572,3786,192000000000
2026-06-08,117700,"KODEX 건설",6675,-575,-7.93,6706,17.5908,1479287,189600000000
2026-06-08,130730,"KIWOOM 단기자금",102340,-5,0,102363,0.5946,9849,185500000000
2026-06-08,0122W0,"RISE 26-11 회사채(AA-이상)액티브",50655,5,0.01,50646,0.6458,580,185100000000
2026-06-08,0069M0,"1Q 미국나스닥100",14800,-560,-3.65,14720,26.3158,453118,185000000000
2026-06-08,332500,"ACE 200TR",79980,-8120,-9.22,80186,57.5746,162289,184000000000
2026-06-08,480020,"ACE 미국빅테크7+데일리타겟커버드콜(합성)",13360,-375,-2.73,13146,18.4463,110379,183000000000
2026-06-08,0093A0,"RISE AI반도체TOP10",34720,-4190,-10.77,34570,17.781,464883,182300000000
2026-06-08,337160,"KODEX 200ESG",51920,-4525,-8.02,51467,65.8523,263675,181700000000
2026-06-08,491820,"HANARO 전력설비투자",48370,-3860,-7.39,48269,41.2017,164941,181400000000
2026-06-08,200250,"KIWOOM 인도Nifty50(합성)",22920,-390,-1.67,23000,-4.5455,48439,181100000000
2026-06-08,0091C0,"KODEX 미국10년국채액티브(H)",9695,-65,-0.67,9709,-2.0472,92486,179600000000
2026-06-08,0162M0,"KODEX 금융채1~2년(AA-이상)PLUS액티브",9955,-20,-0.2,9968,-0.3497,885,178700000000
2026-06-08,0005A0,"KODEX 미국S&P500데일리커버드콜OTM",10525,-245,-2.27,10458,15.7352,241891,177900000000
2026-06-08,480040,"ACE 미국반도체데일리타겟커버드콜(합성)",20160,-1585,-7.29,19779,63.0922,382470,177400000000
2026-06-08,458210,"KIWOOM CD금리액티브(합성)",109850,0,0,109825,0.7059,2739,177200000000
2026-06-08,122090,"PLUS 코스피50",90790,-8460,-8.52,90368,63.8565,197231,177000000000
2026-06-08,0153K0,"KODEX 주주환원고배당주",11575,-810,-6.54,11589,8.3766,403290,174800000000
2026-06-08,0000J0,"PLUS 한화그룹주",30370,-2470,-7.52,30395,-17.4903,152719,174600000000
2026-06-08,138530,"TIGER LG그룹플러스",13970,-1170,-7.73,14054,64.4697,2770496,172700000000
2026-06-08,464240,"KIWOOM 26-09회사채(AA-이상)액티브",52050,-30,-0.06,52074,0.6707,804,171800000000
2026-06-08,138520,"TIGER 삼성그룹",39600,-3700,-8.55,39691,74.5928,351784,171100000000
2026-06-08,0082V0,"KODEX TDF2060액티브 적격",12095,-400,-3.2,12095,12.8632,222921,169900000000
2026-06-08,481180,"SOL 미국AI소프트웨어",15650,-730,-4.46,15775,30.936,337445,169800000000
2026-06-08,483290,"KODEX 미국배당다우존스타겟커버드콜",11005,-80,-0.72,11015,6.4711,191408,169500000000
2026-06-08,237370,"KODEX 코리아배당성장채권혼합",15690,-335,-2.09,15748,1.7052,127860,169500000000
2026-06-08,412570,"TIGER 2차전지TOP10레버리지",1620,-350,-17.77,1554,25.4777,8244957,169400000000
2026-06-08,433980,"KODEX TDF2040액티브 적격",16640,-410,-2.4,16634,10.8869,123598,166400000000
2026-06-08,480030,"ACE 미국500데일리타겟커버드콜(합성)",11540,-310,-2.62,11540,15.5705,212330,166200000000
2026-06-08,429000,"TIGER 미국S&P500배당귀족",14065,-10,-0.07,14110,1.5992,114336,166000000000
2026-06-08,0123G0,"TIGER 미국AI전력SMR",7855,-745,-8.66,7875,15.2042,363823,165700000000
2026-06-08,0192Z0,"TIGER 중기종합채권(A-이상)액티브",99835,-125,-0.13,99839,,6002,165200000000
2026-06-08,272560,"RISE 단기국공채액티브",114040,-25,-0.02,114035,0.427,7019,164100000000
2026-06-08,494220,"UNICORN SK하이닉스밸류체인액티브",48055,-5285,-9.91,48107,63.6447,307389,163400000000
2026-06-08,0005D0,"SOL 전고체배터리&실리콘음극재",17165,-2135,-11.06,17267,8.4269,604934,162200000000
2026-06-08,0176E0,"RISE 미국AI전력인프라액티브",12555,-765,-5.74,12633,,55811,162000000000
2026-06-08,233160,"TIGER 코스닥150 레버리지",11235,-2830,-20.12,11060,-23.973,2303723,161200000000
2026-06-08,0182S0,"1Q K반도체TOP2채권혼합50",12850,-650,-4.81,12855,,1046085,160000000000
2026-06-08,304660,"KODEX 미국30년국채울트라선물(H)",7405,-65,-0.87,7440,-3.1129,145402,159900000000
2026-06-08,325010,"KODEX 성장주",46855,-4305,-8.41,46904,55.2964,75829,159300000000
2026-06-08,192090,"TIGER 차이나CSI300",14130,-395,-2.72,14129,12.3356,75785,158300000000
2026-06-08,0074K0,"KoAct K수출핵심기업TOP30액티브",19180,-1460,-7.07,19146,30.0976,174639,156300000000
2026-06-08,0094M0,"RISE 코리아밸류업위클리고정커버드콜",20150,-1905,-8.64,20118,42.2748,581282,154100000000
2026-06-08,0183V0,"KIWOOM 삼성전자&SK하이닉스채권혼합50",12425,-595,-4.57,12418,,1765145,152800000000
2026-06-08,465610,"ACE 미국빅테크TOP7 Plus레버리지(합성)",47680,-3690,-7.18,47853,42.6746,35814,152600000000
2026-06-08,411420,"KODEX 미국나스닥AI테크액티브",29855,-1085,-3.51,29795,40.3114,37338,150800000000
2026-06-08,451530,"TIGER 국고채30년스트립액티브",37965,-790,-2.04,38110,-19.4702,210649,150600000000
2026-06-08,471760,"TIGER AI반도체핵심공정",17110,-2140,-11.12,17048,-5.198,1371464,150600000000
2026-06-08,219480,"KODEX 미국S&P500선물(H)",32025,-625,-1.91,32013,9.5637,8843,150500000000
2026-06-08,0127M0,"ACE 미국대형가치주액티브",12700,-395,-3.02,12773,18.0124,144085,150500000000
2026-06-08,152870,"파워 200",120375,-11515,-8.73,120408,57.0313,3050,150500000000
2026-06-08,377990,"TIGER Fn신재생에너지",27600,-2740,-9.03,27741,31.684,253664,150400000000
2026-06-08,0080Y0,"SOL 조선TOP3플러스레버리지",14180,-1955,-12.12,15150,-6.1919,962272,150300000000
2026-06-08,354500,"ACE 코스닥150",15850,-1865,-10.53,15923,-11.2095,438060,149000000000
2026-06-08,325020,"KODEX 배당가치",30340,-2660,-8.06,30225,30.0649,99848,148700000000
2026-06-08,143860,"TIGER 헬스케어",36935,-3705,-9.12,36883,-20.4637,45442,147700000000
2026-06-08,367770,"RISE 수소경제테마",26340,-2600,-8.98,26335,18.8837,206212,147500000000
2026-06-08,136340,"RISE 중기우량회사채",103785,-135,-0.13,103720,-0.8824,2613,147100000000
2026-06-08,182480,"TIGER 미국MSCI리츠(합성 H)",13595,85,0.63,13770,0.8803,18490,146800000000
2026-06-08,372330,"KODEX 차이나항셍테크",7970,-220,-2.69,7953,6.8483,148560,146200000000
2026-06-08,495330,"1Q 코리아밸류업",34410,-3425,-9.05,34635,52.5204,255919,144500000000
2026-06-08,490600,"RISE 미국배당100데일리고정커버드콜",9760,-105,-1.06,9754,9.8591,364004,143500000000
2026-06-08,139220,"TIGER 200 건설",7830,-815,-9.43,7866,26.5358,1069072,143300000000
2026-06-08,245340,"TIGER 미국다우존스30",37835,-805,-2.08,37931,11.7508,39226,141500000000
2026-06-08,0099L0,"ACE 우량회사채(AA-이상)액티브",98435,-65,-0.07,98490,-0.6456,193,137400000000
2026-06-08,0092B0,"SOL 한국원자력SMR",15950,-1785,-10.06,16040,5.6714,300333,137200000000
2026-06-08,464930,"TIGER 글로벌혁신블루칩TOP10",22465,-510,-2.22,22441,23.0583,18357,137000000000
2026-06-08,394660,"TIGER 글로벌자율주행&전기차SOLACTIVE",19745,-1520,-7.15,19844,40.363,20509,136600000000
2026-06-08,328370,"PLUS 코스피TR",42235,-3725,-8.1,42066,47.1661,27587,135200000000
2026-06-08,0177X0,"ACE K휴머노이드로봇산업TOP2+",12545,-1195,-8.7,12510,,1141945,133600000000
2026-06-08,114820,"TIGER 국채3년",103855,-195,-0.19,103869,-1.0321,3677,132800000000
2026-06-08,464310,"TIGER 글로벌AI&로보틱스 INDXX",16560,-705,-4.08,16492,13.2874,82382,132500000000
2026-06-08,457990,"PLUS 태양광&ESS",36765,-3985,-9.78,36986,39.8132,219826,132400000000
2026-06-08,0104H0,"KoAct 미국나스닥채권혼합50액티브",12975,-335,-2.52,12938,20.4524,336810,132300000000
2026-06-08,0035T0,"PLUS 글로벌휴머노이드로봇액티브",23335,-1675,-6.7,23368,18.7769,108177,130700000000
2026-06-08,0131W0,"1Q 단기특수은행채액티브",101440,5,0,101447,0.6349,216,130100000000
2026-06-08,454320,"HANARO CAPEX설비투자iSelect",44045,-4310,-8.91,44316,20.5692,19122,127700000000
2026-06-08,0168K0,"TIGER 기술이전바이오액티브",6740,-960,-12.47,6780,,1824782,127000000000
2026-06-08,399110,"SOL 미국S&P500ESG",22260,-490,-2.15,22163,15.2074,21815,126900000000
2026-06-08,494330,"ACE 라이프자산주주가치액티브",29500,-2850,-8.81,29506,54.0845,70796,126900000000
2026-06-08,168580,"ACE 중국본토CSI300",38360,-1350,-3.4,38614,11.5762,3707,126600000000
2026-06-08,204480,"TIGER 차이나CSI300레버리지(합성)",32555,-1700,-4.96,32959,20.9996,65970,126300000000
2026-06-08,332940,"HANARO MSCI Korea TR",52600,-5580,-9.59,52913,60.099,9548,126200000000
2026-06-08,326240,"RISE IT플러스",49605,-4630,-8.54,49647,62.4023,43818,126000000000
2026-06-08,455860,"SOL 2차전지소부장Fn",5345,-585,-9.87,5381,-2.3523,588606,125900000000
2026-06-08,0041E0,"KODEX 미국S&P500액티브",17975,-1030,-5.42,17959,32.5946,180783,125800000000
2026-06-08,309230,"ACE 미국WideMoat동일가중",31585,-505,-1.57,31723,3.1776,14046,125700000000
2026-06-08,0036R0,"RISE 미국휴머노이드로봇",21205,-1450,-6.4,21271,35.3345,87299,125100000000
2026-06-08,0000Y0,"HK 26-12 회사채(AA-이상)액티브",101180,10,0.01,101192,0.6316,13,122400000000
2026-06-08,447620,"SOL 미국TOP5채권혼합50",16085,-315,-1.92,16181,11.3051,105190,122200000000
2026-06-08,266370,"KODEX IT",76080,-7850,-9.35,76529,88.2776,271606,121700000000
2026-06-08,319640,"TIGER 골드선물(H)",25605,-895,-3.38,25642,-14.295,46278,121600000000
2026-06-08,0142D0,"TIGER 미국AI데이터센터TOP4Plus",13210,-1360,-9.33,13385,65.1927,465767,120200000000
2026-06-08,476030,"SOL 미국나스닥100",18725,-720,-3.7,18630,26.5807,139285,118900000000
2026-06-08,0132K0,"PLUS 테슬라위클리커버드콜채권혼합",8900,-180,-1.98,8896,1.8733,324585,117500000000
2026-06-08,488500,"TIGER 미국S&P500동일가중",13460,-115,-0.85,13414,8.9901,118976,117100000000
2026-06-08,261270,"KODEX 미국달러선물인버스",7265,10,0.14,7290,-4.9771,277418,117000000000
2026-06-08,448100,"WON 200",123085,-12160,-8.99,123099,58.0325,66968,116900000000
2026-06-08,0181L0,"SOL 미국우주항공TOP10",11070,-1275,-10.33,11180,,865481,116800000000
2026-06-08,491230,"PLUS 국공채머니마켓액티브",52115,0,0,52119,0.7247,5561,115200000000
2026-06-08,498180,"파워 종합채권(AA-이상)액티브",93630,0,0,93010,-2.8987,0,114800000000
2026-06-08,304940,"KODEX 미국나스닥100선물(H)",32170,-1130,-3.39,32057,19.7195,23430,114200000000
2026-06-08,496090,"KIWOOM 코리아밸류업",34910,-3125,-8.22,34836,52.6975,26172,113500000000
2026-06-08,412770,"TIGER 글로벌AI플랫폼액티브",15915,-1160,-6.79,16099,47.8995,55079,112200000000
2026-06-08,0138Y0,"PLUS 금채권혼합",10150,-205,-1.98,10203,-5.0436,259919,111700000000
2026-06-08,0191W0,"HANARO 중기종합채권(A-이상)액티브",99810,-120,-0.12,99818,,1,111300000000
2026-06-08,495710,"BNK 26-06 특수채(AAA이상)액티브",51725,0,0,51729,0.6322,0,108900000000
2026-06-08,476850,"KoAct 배당성장액티브",23145,-1735,-6.97,23157,41.644,183731,108800000000
2026-06-08,0007N0,"아이엠에셋 200",120000,-11325,-8.62,119886,56.7248,172,108000000000
2026-06-08,468380,"KODEX iShares미국하이일드액티브",12170,-100,-0.81,12186,5.7472,164557,107900000000
2026-06-08,0135Y0,"IBK 중기종합채권(AA-이상)액티브",99390,-160,-0.16,99428,-0.7478,186,107000000000
2026-06-08,298770,"KODEX 한국대만IT프리미어",88205,-5185,-5.55,88182,71.0379,26368,105800000000
2026-06-08,0194T0,"ACE SK하이닉스단일종목레버리지",30000,9960,49.7,16164,,1153413,105800000000
2026-06-08,308620,"KODEX 미국10년국채선물",12810,-145,-1.12,12792,3.0628,84546,105000000000
2026-06-08,114100,"RISE 국고채3년",105335,-210,-0.2,105357,-1.0593,609,104900000000
2026-06-08,0066W0,"SOL 국제금",13980,-490,-3.39,14023,-9.3927,139186,104200000000
2026-06-08,0091M0,"HANARO 27-06 회사채(AA-이상)액티브",10090,10,0.1,10089,0.2985,279,104100000000
2026-06-08,475050,"ACE KPOP포커스",7275,-415,-5.4,7333,-28.3861,968898,104000000000
2026-06-08,0184L0,"PLUS 중기종합채권(A-이상)액티브",99525,-110,-0.11,99549,,11424,103500000000
2026-06-08,306950,"KODEX KRX300레버리지",113450,-21200,-15.74,111750,109.6535,6647,102100000000
2026-06-08,252400,"RISE 200선물레버리지",145770,-31045,-17.56,142722,128.9608,82283,102000000000
2026-06-08,465780,"마이티 26-09 특수채(AAA)액티브",105715,0,0,105709,0.6474,0,101800000000
2026-06-08,195980,"PLUS 신흥국MSCI(합성 H)",14915,-230,-1.52,14924,14.7783,41821,101400000000
2026-06-08,463680,"KODEX 미국S&P500테크놀로지",23460,-1995,-7.84,23817,44.6018,81281,100900000000
2026-06-08,438570,"SOL 국고채10년",97205,-700,-0.71,97265,-3.9677,1730,100800000000
2026-06-08,485690,"RISE 미국AI밸류체인TOP3Plus",24865,-1720,-6.47,24767,56.1985,47712,100700000000
2026-06-08,479620,"SOL 미국AI반도체칩메이커",28350,-2230,-7.29,28011,98.2874,139524,100600000000
2026-06-08,0194M0,"ACE 삼성전자단일종목레버리지",18365,-5135,-21.85,18375,,1060260,100500000000
2026-06-08,490480,"SOL K방산",30820,-2245,-6.79,30976,-14.5951,416069,100200000000
2026-06-08,0085P0,"ACE 미국10년국채액티브",10995,-125,-1.12,11028,3.4879,167853,100100000000
2026-06-08,0193L0,"PLUS 삼성전자선물단일종목인버스2X",18690,3450,22.64,18900,,14930379,99800000000
2026-06-08,449770,"KIWOOM 미국S&P500",22545,-520,-2.25,22498,15.5694,23520,99200000000
2026-06-08,469170,"ACE 포스코그룹포커스",6265,-575,-8.41,6238,0.9732,883215,99000000000
2026-06-08,108450,"ACE 삼성그룹섹터가중",42995,-3925,-8.37,43108,55.8796,36120,98900000000
2026-06-08,157490,"TIGER 소프트웨어",10050,-275,-2.66,10045,14.5565,1139211,98300000000
2026-06-08,486240,"DAISHIN343 AI반도체&인프라액티브",30580,-3180,-9.42,30604,60.8212,27229,97900000000
2026-06-08,0174B0,"KoAct 글로벌AI메모리반도체액티브",16010,-1295,-7.48,15899,,543725,97700000000
2026-06-08,269540,"PLUS 미국S&P500(H)",29535,-555,-1.84,29510,10.7355,22260,97500000000
2026-06-08,0102A0,"TIGER 미국AI소프트웨어TOP4Plus",9120,-475,-4.95,9221,15.2552,250396,97100000000
2026-06-08,481430,"RISE 국고채10년액티브",97140,-740,-0.76,97216,-3.7893,6154,96900000000
2026-06-08,0199C0,"ACE 고배당주Plus커버드콜액티브",9690,-685,-6.6,9666,,2736356,96900000000
2026-06-08,211900,"KODEX 코리아배당성장",28655,-1910,-6.25,28671,8.5904,164844,96000000000
2026-06-08,143850,"TIGER 미국S&P500선물(H)",75160,-1495,-1.95,75127,9.3587,8347,95800000000
2026-06-08,495040,"PLUS 코리아밸류업",34680,-3185,-8.41,34538,52.1767,12042,95400000000
2026-06-08,0190Y0,"TIGER 구글밸류체인",10440,-595,-5.39,10347,,1001943,94500000000
2026-06-08,473440,"ACE 11월만기자동연장회사채AA-이상액티브",10765,10,0.09,10770,0.6551,4104,93700000000
2026-06-08,359210,"KODEX 코스피TR",38750,-3560,-8.41,38793,46.1737,65569,93000000000
2026-06-08,492500,"1Q 현대차그룹채권(A+이상)&국고통안",50895,-60,-0.12,50916,-0.2545,2493,92500000000
2026-06-08,272910,"ACE 중장기국공채액티브",104965,-245,-0.23,104860,-1.3549,224,90700000000
2026-06-08,364960,"TIGER BBIG",7010,-355,-4.82,6999,3.3894,64951,90400000000
2026-06-08,329660,"KODEX TRF5050",18450,-275,-1.47,18549,6.2334,36134,90400000000
2026-06-08,329670,"KODEX TRF7030",23165,-390,-1.66,23217,9.6753,46758,90300000000
2026-06-08,460960,"ACE 글로벌인컴TOP10",12205,-110,-0.89,12181,5.7778,48012,90300000000
2026-06-08,292190,"KODEX KRX300",53065,-4940,-8.52,52823,51.6952,20184,90200000000
2026-06-08,0052T0,"1Q 중단기회사채(A-이상)액티브",50295,65,0.13,50271,0.0896,200,89400000000
2026-06-08,203780,"TIGER 미국나스닥바이오",32560,-345,-1.05,32528,4.3278,29610,88600000000
2026-06-08,0113D0,"TIME 글로벌탑픽액티브",12820,-275,-2.1,12796,16.3482,89190,88500000000
2026-06-08,0049M0,"ACE 미국배당퀄리티+커버드콜액티브",12250,-270,-2.16,12366,10.5355,71343,88200000000
2026-06-08,433970,"KODEX TDF2030액티브 적격",14445,-270,-1.83,14442,7.8353,65064,88100000000
2026-06-08,304780,"HANARO 200선물레버리지",175915,-36380,-17.14,173732,125.6177,8111,88000000000
2026-06-08,453330,"RISE 미국S&P500(H)",17540,-355,-1.98,17510,10.42,46101,87700000000
2026-06-08,0162L0,"KODEX 차이나AI반도체TOP10",16030,-380,-2.32,15863,64.7455,1352552,86600000000
2026-06-08,0018C0,"PLUS 고배당주위클리고정커버드콜",11050,-610,-5.23,11113,-8.5131,190944,85600000000
2026-06-08,0017Y0,"1Q 종합채권(AA-이상)액티브",93675,-555,-0.59,93670,-3.0107,662,85200000000
2026-06-08,0115E0,"KODEX 코리아소버린AI",16000,-765,-4.56,15972,28.847,193655,84800000000
2026-06-08,434960,"DAISHIN343 K200",120245,-11765,-8.91,120353,57.5842,4609,84200000000
2026-06-08,337140,"KODEX 코스피대형주",39965,-3635,-8.34,39921,51.3957,123115,83900000000
2026-06-08,0132H0,"KODEX 미국원자력SMR",10255,-915,-8.19,10282,0.5378,233048,83600000000
2026-06-08,0181B0,"HANARO 미국AI메모리반도체TOP4+",10840,-1065,-8.95,10836,,944443,83500000000
2026-06-08,0111J0,"HANARO 증권고배당TOP3플러스",15245,-1755,-10.32,15238,-1.2757,1369263,83100000000
2026-06-08,0098N0,"PLUS 자사주매입고배당주",12405,-495,-3.84,12334,1.392,198339,82500000000
2026-06-08,461460,"PLUS 국고채10년액티브",50855,-370,-0.72,50887,-3.8751,782,82500000000
2026-06-08,441540,"HANARO Fn조선해운",29290,-1975,-6.32,29204,0.0082,52116,82000000000
2026-06-08,0022T0,"SOL 국제금커버드콜액티브",14510,-495,-3.3,14528,-8.8286,157646,81300000000
2026-06-08,440910,"WON 미국우주항공방산",28370,-715,-2.46,28308,2.7375,37358,80900000000
2026-06-08,487130,"KoAct AI인프라액티브",32785,-3120,-8.69,32749,61.8435,76281,80300000000
2026-06-08,0089C0,"KODEX 미국S&P500변동성확대시커버드콜",12230,-315,-2.51,12241,16.1734,9019,80100000000
2026-06-08,228810,"TIGER 미디어컨텐츠",3365,-215,-6.01,3385,-30.2113,358049,80100000000
2026-06-08,444490,"WON 미국S&P500",21600,-510,-2.31,21525,16.0934,55774,79900000000
2026-06-08,453080,"KIWOOM 미국나스닥100(H)",22780,-780,-3.31,22690,19.7339,74776,79700000000
2026-06-08,475300,"SOL 반도체전공정",21470,-3040,-12.4,21470,28.7596,758363,79400000000
2026-06-08,211560,"TIGER 배당성장",35755,-2700,-7.02,35768,9.3537,27949,79400000000
2026-06-08,0040S0,"HANARO 글로벌피지컬AI액티브",28685,-1995,-6.5,28654,66.1521,78592,78900000000
2026-06-08,495750,"HANARO 코리아밸류업",33500,-4535,-11.92,34688,54.0004,23338,78700000000
2026-06-08,0118Z0,"ACE 미국AI테크핵심산업액티브",10105,-630,-5.87,10104,29.5715,130156,78300000000
2026-06-08,458030,"WON 국공채머니마켓액티브",54675,-10,-0.02,54678,0.7368,150,78200000000
2026-06-08,491700,"HK 200",120245,-12205,-9.21,120362,58.4737,7723,78200000000
2026-06-08,365040,"TIGER AI코리아그로스액티브",38755,-3950,-9.25,38999,51.5659,32098,77500000000
2026-06-08,476750,"ACE 미국30년국채엔화노출액티브(H)",8495,-130,-1.51,8539,-0.2687,168828,77300000000
2026-06-08,0166S0,"PLUS K제조업핵심기업액티브",12835,-1165,-8.32,12800,,195181,77000000000
2026-06-08,210780,"TIGER 코스피고배당",22855,-1525,-6.26,22929,1.3356,44622,76800000000
2026-06-08,277640,"TIGER 코스피대형주",41225,-4030,-8.91,41266,51.9451,115737,76300000000
2026-06-08,278240,"RISE 코스닥150선물레버리지",11310,-3175,-21.92,11162,-23.0341,221556,75400000000
2026-06-08,0197X0,"SOL SK하이닉스선물단일종목인버스2X",20980,2390,12.86,21734,,52294649,75000000000
2026-06-08,480310,"TIGER 글로벌온디바이스AI",23000,-2055,-8.2,23211,87.7654,132508,74800000000
2026-06-08,475280,"ACE 8월만기자동연장회사채AA-이상액티브",10650,-10,-0.09,10659,0.8514,2003,74300000000
2026-06-08,228800,"TIGER 여행레저",2815,-195,-6.48,2836,-6.7417,436873,74100000000
2026-06-08,253250,"KIWOOM 200선물레버리지",142255,-30640,-17.72,139738,127.9583,145812,74000000000
2026-06-08,479730,"TIGER 인도빌리언컨슈머",10300,-125,-1.2,10376,0.1947,56088,72600000000
2026-06-08,0000Z0,"RISE 바이오TOP10액티브",10150,-1575,-13.43,10144,-32.3233,2230794,72600000000
2026-06-08,253150,"PLUS 200선물레버리지",290290,-63305,-17.9,286093,128.2077,80738,72600000000
2026-06-08,469060,"RISE 미국반도체NYSE",40305,-3215,-7.39,39715,81.3335,86311,72500000000
2026-06-08,465330,"RISE 2차전지TOP10",12180,-1200,-8.97,12169,6.1718,242041,72500000000
2026-06-08,0000D0,"TIGER 엔비디아미국채커버드콜밸런스(합성)",10200,-380,-3.59,10283,10.4342,73701,71900000000
2026-06-08,298340,"PLUS 국채선물3년",55800,35,0.06,55712,-0.9767,18,70800000000
2026-06-08,152500,"ACE 레버리지",64265,-13750,-17.62,63585,128.0806,61590,70700000000
2026-06-08,266420,"KODEX 헬스케어",16795,-1640,-8.9,16736,-21.1506,86823,70500000000
2026-06-08,475350,"RISE 버크셔포트폴리오TOP10",15540,210,1.37,15350,9.5,124694,69900000000
2026-06-08,0057H0,"PLUS 미국S&P500미국채혼합50액티브",12695,-155,-1.21,12689,10.8612,111009,69800000000
2026-06-08,473640,"HANARO 글로벌금채굴기업",31715,-2375,-6.97,31878,-15.4095,33640,69800000000
2026-06-08,0118S0,"SOL 미국넥스트테크TOP10액티브",13630,-1680,-10.97,13802,54.5568,122412,68800000000
2026-06-08,475310,"SOL 반도체후공정",28640,-3490,-10.86,28611,3.4929,211761,68700000000
2026-06-08,495940,"RISE 미국AI테크액티브",23295,-985,-4.06,23114,61.5435,54037,68700000000
2026-06-08,440640,"ACE 단기채권알파액티브",111800,15,0.01,111797,0.7208,3413,68500000000
2026-06-08,486830,"HANARO 머니마켓액티브",52880,-10,-0.02,52889,0.7716,1334,67600000000
2026-06-08,461500,"HANARO 종합채권(AA-이상)액티브",104580,-570,-0.54,104586,-2.8189,159,67300000000
2026-06-08,458750,"TIGER 미국배당다우존스타겟커버드콜1호",13705,-205,-1.47,13735,8.5873,40544,67200000000
2026-06-08,0021E0,"ACE TDF2050액티브 적격",13080,-340,-2.53,13102,8.2694,132155,66700000000
2026-06-08,401470,"KODEX 메타버스액티브",10195,-540,-5.03,10230,25.5045,34266,66300000000
2026-06-08,275980,"TIGER 글로벌4차산업혁신기술(합성 H)",23900,-785,-3.18,23713,18.3649,6568,65500000000
2026-06-08,0080X0,"SOL 미국S&P500미국채혼합50",12075,-160,-1.31,12045,9.4787,65541,65200000000
2026-06-08,419890,"KIWOOM 단기채권ESG액티브",106660,-60,-0.06,106658,0.136,10135,65100000000
2026-06-08,0068M0,"KODEX 미국S&P500버퍼6월액티브",12965,185,1.45,12895,8.4889,2646,64800000000
2026-06-08,455660,"ACE 미국하이일드액티브(H)",9485,-55,-0.58,9505,0.1621,41718,64500000000
2026-06-08,0041D0,"KODEX 미국AI소프트웨어TOP10",14005,-655,-4.47,14109,19.7224,121241,64400000000
2026-06-08,438560,"SOL 국고채3년",99225,-180,-0.18,99237,-0.922,1066,64100000000
2026-06-08,0192L0,"RISE SK하이닉스단일종목레버리지",16690,-3260,-16.34,16374,,1428727,63800000000
2026-06-08,445150,"KODEX 친환경조선해운액티브",31085,-2580,-7.66,31215,-1.1215,34198,63700000000
2026-06-08,261240,"KODEX 미국달러선물",15755,-50,-0.32,15746,5.6483,162971,63700000000
2026-06-08,491220,"PLUS 200TR",141405,-14145,-9.09,141554,57.3357,69823,63600000000
2026-06-08,428510,"KODEX 차이나AI테크액티브",28705,-1360,-4.52,28867,49.2312,36207,63200000000
2026-06-08,381560,"HANARO Fn전기&수소차",20200,-1830,-8.31,20308,68.4042,97535,62600000000
2026-06-08,433880,"PLUS TDF2060액티브 적격",19795,-620,-3.04,19800,15.7171,63230,62600000000
2026-06-08,0123S0,"HANARO 26-12 은행채(AA+이상)액티브",10115,-10,-0.1,10121,0.5961,8021,62200000000
2026-06-08,455960,"RISE 미국달러SOFR금리액티브(합성)",13300,-80,-0.6,13329,6.317,6293,62100000000
2026-06-08,123310,"TIGER 인버스",1222,105,9.4,1224,-40.962,16204078,61800000000
2026-06-08,0172V0,"1Q 은액티브",9700,-705,-6.78,9829,,329322,61600000000
2026-06-08,401170,"RISE 메타버스",12855,-610,-4.53,12898,74.6839,147039,61400000000
2026-06-08,453640,"KODEX 미국S&P500헬스케어",14200,120,0.85,14175,2.1329,112581,61100000000
2026-06-08,0185L0,"TIME 글로벌휴머노이드로봇산업액티브",9895,-395,-3.84,9901,,361443,60900000000
2026-06-08,114470,"KIWOOM 국고채3년",106685,-230,-0.22,106714,-1.0061,21547,60800000000
2026-06-08,456680,"TIGER 차이나전기차레버리지(합성)",10170,-520,-4.86,10240,15.1319,24075,60300000000
2026-06-08,0137V0,"KIWOOM 미국S&P500모멘텀",12430,-685,-5.22,12369,33.6622,226975,60300000000
2026-06-08,261220,"KODEX WTI원유선물(H)",25615,375,1.49,25680,39.025,232749,60200000000
2026-06-08,278620,"PLUS 단기채권액티브",118005,-25,-0.02,118016,0.2335,663,60200000000
2026-06-08,0141S0,"SOL 조선기자재",9590,-740,-7.16,9568,-2.6214,245161,59900000000
2026-06-08,261070,"TIGER 코스닥150바이오테크",13650,-1650,-10.78,13694,-25.6365,228390,59500000000
2026-06-08,453950,"TIGER TSMC파운드리밸류체인",37135,-1715,-4.41,35596,42.3025,16611,59400000000
2026-06-08,0020H0,"KoAct 글로벌양자컴퓨팅액티브",27520,-3270,-10.62,27873,63.951,79338,59200000000
2026-06-08,488720,"WON 종합채권(AA-이상)액티브",48385,-235,-0.48,48410,-2.9832,4016,59000000000
2026-06-08,256750,"KODEX 차이나심천ChiNext(합성)",19265,-645,-3.24,19052,32.3803,77706,58800000000
2026-06-08,140700,"KODEX 보험",18860,-1010,-5.08,18971,28.424,236315,58500000000
2026-06-08,0008T0,"SOL 화장품TOP3플러스",13130,-660,-4.79,13127,7.0067,198011,58400000000
2026-06-08,385590,"ACE ESG액티브",25000,-2325,-8.51,25015,54.1258,2575,57500000000
2026-06-08,494840,"TIGER 미국방산TOP10",13735,5,0.04,13802,-12.1716,125274,57000000000
2026-06-08,0192M0,"RISE 삼성전자단일종목레버리지",18500,-5100,-21.61,18453,,1123539,56400000000
2026-06-08,0046Y0,"ACE 미국배당퀄리티",13530,-335,-2.42,13555,12.1697,34434,56100000000
2026-06-08,475070,"KoAct 글로벌친환경전력인프라액티브",38460,-2950,-7.12,38631,38.4949,15939,55800000000
2026-06-08,0098Z0,"FOCUS 200",101355,-10345,-9.26,102116,57.0987,876,55700000000
2026-06-08,360140,"KODEX 200롱코스닥150숏선물",23215,475,2.09,23194,72.7307,55602,55700000000
2026-06-08,0067V0,"TIGER 차이나글로벌리더스TOP3+",11370,-265,-2.28,11596,10.5988,7817,55700000000
2026-06-08,218420,"KODEX 미국S&P500에너지(합성)",20825,-140,-0.67,20511,9.1074,131754,55400000000
2026-06-08,275300,"KODEX 우량주",32330,-2805,-7.98,32221,58.9205,34463,55000000000
2026-06-08,150460,"TIGER 중국소비테마",6910,-440,-5.99,6957,0.4736,36880,54900000000
2026-06-08,225040,"TIGER 미국S&P500레버리지(합성 H)",63475,-2635,-3.99,63392,19.5479,20813,54600000000
2026-06-08,461340,"HANARO 글로벌생성형AI액티브",47270,-3135,-6.22,47338,67.5771,12408,54400000000
2026-06-08,473590,"ACE 미국주식베스트셀러",23005,-1315,-5.41,23046,24.878,17991,54100000000
2026-06-08,0086B0,"TIGER 리츠부동산인프라TOP10액티브",9125,-280,-2.98,9147,-10.1952,87424,53800000000
2026-06-08,0139P0,"ACE 고배당주",13250,-760,-5.42,13264,1.5882,238363,53700000000
2026-06-08,0036D0,"TIME 미국배당다우존스액티브",13325,-270,-1.99,13370,24.8176,112118,53300000000
2026-06-08,276990,"KODEX 글로벌로봇(합성)",29980,-1130,-3.63,29945,24.9397,22590,53100000000
2026-06-08,140950,"파워 코스피100",94170,-9125,-8.83,94055,59.8182,5449,52700000000
2026-06-08,0113P0,"HK 머니마켓액티브",101690,0,0,101686,0.733,29,52700000000
2026-06-08,200030,"KODEX 미국S&P500산업재(합성)",46055,-510,-1.1,46082,5.0772,10913,52500000000
2026-06-08,448570,"FOCUS AI코리아액티브",31555,-3510,-10.01,31796,34.3264,928,52100000000
2026-06-08,0007G0,"PLUS 글로벌원자력밸류체인",15850,-1150,-6.76,15758,1.8556,16159,51500000000
2026-06-08,472830,"RISE 미국30년국채커버드콜(합성)",9200,-110,-1.18,9220,2.4996,101147,51100000000
2026-06-08,101280,"KODEX 일본TOPIX100",31100,-1140,-3.54,31239,12.2174,21545,51000000000
2026-06-08,0197W0,"SOL SK하이닉스단일종목레버리지",16695,-3205,-16.11,16379,,1285161,50900000000
2026-06-08,336160,"RISE 금융채액티브",99930,-190,-0.19,99937,-0.809,1047,50900000000
2026-06-08,400970,"TIGER Fn메타버스",9305,-370,-3.82,9301,27.7125,42243,50700000000
2026-06-08,375770,"KODEX 탄소효율그린뉴딜",26570,-2730,-9.32,26740,47.5418,6865,50500000000
2026-06-08,475260,"ACE 2월만기자동연장회사채AA-이상액티브",10670,0,0,10676,0.5655,505,50300000000
2026-06-08,365000,"TIGER 인터넷TOP10",4940,10,0.2,4950,0.2053,884167,49900000000
2026-06-08,415920,"PLUS 글로벌희토류&전략자원생산기업",9005,-885,-8.95,9355,3.4231,138706,49100000000
2026-06-08,0189B0,"TIGER 은액티브",9260,-725,-7.26,9454,,413221,48600000000
2026-06-08,295020,"RISE 국채선물10년인버스",60720,475,0.79,60665,4.8012,527,48000000000
2026-06-08,371470,"TIGER 차이나바이오테크SOLACTIVE",7445,-250,-3.25,7559,-3.6922,40837,47600000000
2026-06-08,287180,"PLUS 미국나스닥테크",59525,-4035,-6.35,59175,52.3143,13650,47600000000
2026-06-08,491830,"TIGER 미국AI반도체팹리스",25565,-2305,-8.27,25511,96.0545,249581,47300000000
2026-06-08,0178H0,"IBK 미국AI TOP10국채혼합50",10215,-195,-1.87,10285,,38143,47000000000
2026-06-08,447430,"ACE 주주환원가치주액티브",15820,-605,-3.68,15777,2.1921,18265,46700000000
2026-06-08,322410,"HANARO K고배당",22650,-1170,-4.91,22723,7.0151,33591,46400000000
2026-06-08,305050,"ACE 코스피",77315,-7520,-8.86,77652,46.2588,19008,46400000000
2026-06-08,452250,"ACE 미국30년국채선물레버리지(합성 H)",5005,-95,-1.86,5042,-7.2728,34236,45800000000
2026-06-08,407830,"에셋플러스 글로벌플랫폼액티브",16355,-890,-5.16,16382,14.7753,7806,45800000000
2026-06-08,100910,"KIWOOM KRX100",18930,-1720,-8.33,18826,56.7997,132265,45400000000
2026-06-08,465350,"RISE 2차전지TOP10인버스(합성)",17425,1560,9.83,17363,-12.4932,132869,45300000000
2026-06-08,475270,"ACE 5월만기자동연장회사채AA-이상액티브",10655,-5,-0.05,10659,0.661,3725,45100000000
2026-06-08,464470,"PLUS 미국채30년액티브",54695,-700,-1.26,54891,1.8196,10414,45100000000
2026-06-08,0100K0,"KODEX 방산TOP10레버리지",8265,-1185,-12.54,8259,-40.4912,424649,44600000000
2026-06-08,472840,"IBK 200",118375,-11435,-8.81,118685,55.6392,7984,44400000000
2026-06-08,316670,"KIWOOM 코스닥150",7840,-900,-10.3,7883,-10.319,259809,44200000000
2026-06-08,453650,"KODEX 미국S&P500금융",19620,90,0.46,19590,6.425,35071,44100000000
2026-06-08,487750,"BNK 온디바이스AI",36595,-3345,-8.38,36661,89.4686,917882,43900000000
2026-06-08,139320,"TIGER 금은선물(H)",18295,-650,-3.43,18500,-13.8668,27435,43900000000
2026-06-08,469790,"KIWOOM 코리아테크TOP10",48410,-5070,-9.48,49148,92.6321,40132,43600000000
2026-06-08,147970,"TIGER 모멘텀",90665,-7200,-7.36,90137,48.7036,9815,43500000000
2026-06-08,442260,"마이티 다이나믹퀀트액티브",41740,-3665,-8.07,41302,55.7489,23440,43400000000
2026-06-08,418670,"TIGER 글로벌AI사이버보안",16200,-700,-4.14,16347,45.8153,112954,42800000000
2026-06-08,252710,"TIGER 200선물인버스2X",109,14,14.74,112,-68.0135,129976831,42700000000
2026-06-08,473490,"KIWOOM 글로벌AI반도체",33820,-2500,-6.88,33605,62.1627,49032,42300000000
2026-06-08,440650,"ACE 미국달러단기채권액티브",12790,-45,-0.35,12787,5.5944,97361,42200000000
2026-06-08,174360,"RISE 중국본토대형주CSI100",26370,-645,-2.39,26335,11.0357,14427,42200000000
2026-06-08,437070,"KODEX 아시아달러채권ESG플러스액티브",66670,-465,-0.69,66648,4.8853,1781,42100000000
2026-06-08,099140,"KODEX 차이나H",23345,-405,-1.71,23365,4.8779,4502,42000000000
2026-06-08,429760,"PLUS 미국S&P500",20970,-480,-2.24,20899,15.9303,14586,41900000000
2026-06-08,483420,"ACE 애플밸류체인액티브",26210,-1285,-4.67,26148,60.8835,20939,41900000000
2026-06-08,104530,"KIWOOM 코리아고배당",17835,-880,-4.7,17809,-3.7099,34888,41900000000
2026-06-08,476690,"TIGER 글로벌비만치료제TOP2Plus",11320,110,0.98,11202,7.9147,108579,41900000000
2026-06-08,442560,"RISE TDF2040액티브 적격",17350,-480,-2.69,17186,15.1808,31623,41600000000
2026-06-08,261140,"TIGER 우선주",26660,-2205,-7.64,26629,23.5563,142987,41600000000
2026-06-08,474800,"KIWOOM 미국원유에너지기업",16280,-140,-0.85,16083,9.7362,187473,41500000000
2026-06-08,122260,"KIWOOM 통안채1년",103410,-15,-0.01,103416,0.3931,249,41400000000
2026-06-08,464600,"SOL 자동차소부장Fn",30600,-2950,-8.79,30748,103.5531,110596,41300000000
2026-06-08,139280,"TIGER 경기방어",11925,-635,-5.06,11960,-2.9929,23162,41300000000
2026-06-08,0083S0,"1Q 미국메디컬AI",10295,-555,-5.12,10291,6.4247,80652,41200000000
2026-06-08,217770,"TIGER 원유선물인버스(H)",1250,-22,-1.73,1252,-36.3364,1081362,41100000000
2026-06-08,0191M0,"마이티 5월만기자동연장특수채(AAA)액티브",100070,0,0,100064,,1008,40900000000
2026-06-08,292560,"TIGER 일본엔선물",8845,-60,-0.67,8860,3.0671,101413,40700000000
2026-06-08,266360,"KODEX K콘텐츠",11280,-125,-1.1,11359,-7.0516,98117,40600000000
2026-06-08,322400,"HANARO e커머스",11205,-40,-0.36,11243,-5.4086,6961,40300000000
2026-06-08,0154F0,"WON 초대형IB&금융지주",12030,-1230,-9.28,12106,-2.2092,159056,40300000000
2026-06-08,0023B0,"PLUS 미국양자컴퓨팅TOP10",19645,-2035,-9.39,19933,50.5414,67280,40300000000
2026-06-08,196030,"ACE 일본TOPIX레버리지(H)",80280,-4180,-4.95,80414,13.7278,1052,40100000000
2026-06-08,352540,"KODEX 일본부동산리츠(H)",11135,185,1.69,11220,-12.1582,57052,40100000000
2026-06-08,459560,"KODEX 테슬라밸류체인FactSet",25765,-1720,-6.26,25873,44.6328,15497,39900000000
2026-06-08,449690,"TIGER 한중반도체(합성)",53240,-4440,-7.7,52814,54.1215,767,39900000000
2026-06-08,138910,"KODEX 구리선물(H)",9715,-185,-1.87,9728,8.2558,119893,39800000000
2026-06-08,450910,"SOL 코스닥150",15420,-1780,-10.35,15483,-10.2123,63552,39800000000
2026-06-08,476070,"KODEX 글로벌비만치료제TOP2 Plus",11475,-65,-0.56,11476,8.2971,73204,39600000000
2026-06-08,496770,"PLUS 글로벌방산",18400,0,0,18510,-13.3742,24914,39600000000
2026-06-08,153270,"KIWOOM 코스피100",91800,-9430,-9.32,92352,58.3593,21267,38600000000
2026-06-08,105780,"RISE 5대그룹주",19095,-1885,-8.98,19096,61.4811,74338,38200000000
2026-06-08,442090,"에셋플러스 코리아대장장이액티브",31770,-2525,-7.36,31968,34.9931,30489,38100000000
2026-06-08,261120,"TIGER 미국달러선물인버스2X",4320,30,0.7,4318,-10.3449,50563,38000000000
2026-06-08,0155M0,"ACE 미국SMR원자력TOP10",8350,-855,-9.29,8301,2.4485,162234,37600000000
2026-06-08,192720,"파워 고배당저변동성",56790,-2900,-4.86,56765,8.8557,6664,37500000000
2026-06-08,275280,"KODEX 모멘텀주",46500,-4660,-9.11,46459,58.2097,28866,37200000000
2026-06-08,238720,"ACE 일본Nikkei225(H)",46430,-2040,-4.21,46527,22.7088,3370,37100000000
2026-06-08,0155N0,"HANARO K휴머노이드테마TOP10",9890,-1050,-9.6,9916,13.2505,294570,37100000000
2026-06-08,468630,"KODEX iShares미국투자등급회사채액티브",12275,-145,-1.17,12298,4.4535,39689,36900000000
2026-06-08,419430,"KODEX 차이나2차전지MSCI(합성)",11170,-600,-5.1,11244,2.3478,20971,36900000000
2026-06-08,385520,"KODEX 자율주행액티브",18830,-1785,-8.66,18938,41.7729,31650,36700000000
2026-06-08,498860,"RISE 코리아금융고배당",17400,-1675,-8.78,17322,-3.1841,75266,36500000000
2026-06-08,395170,"KODEX Top10동일가중",18225,-1575,-7.95,18152,34.3777,38144,36500000000
2026-06-08,0085N0,"ACE 미국10년국채액티브(H)",9845,-75,-0.76,9872,-1.6713,43037,36400000000
2026-06-08,183700,"RISE 200채권혼합50",99745,-4620,-4.43,99750,22.4951,14835,35900000000
2026-06-08,0112X0,"마이티 200TR",44655,-4415,-9,44757,56.698,19254,35700000000
2026-06-08,387270,"TIGER 글로벌이노베이션액티브",29445,-1105,-3.62,29279,41.4679,39223,35600000000
2026-06-08,0166N0,"PLUS 코스닥150액티브",8920,-1015,-10.22,8891,,243052,35200000000
2026-06-08,426150,"WON 대한민국국고채액티브",51190,-405,-0.78,51245,-5.5297,3745,35200000000
2026-06-08,241390,"RISE V&S셀렉트밸류채권혼합",15975,-670,-4.03,16075,9,37727,35100000000
2026-06-08,380340,"ACE 코리아AI테크핵심산업",35120,-1790,-4.85,34920,103.9878,98307,35100000000
2026-06-08,0013R0,"RISE 테슬라미국채타겟커버드콜혼합(합성)",9240,-400,-4.15,9357,5.1232,34440,35100000000
2026-06-08,446690,"KODEX 아시아AI반도체exChina액티브",70070,-5830,-7.68,70395,75.5194,19068,35000000000
2026-06-08,494410,"PLUS 미국S&P500성장주",15210,-620,-3.92,15241,22.8388,25260,35000000000
2026-06-08,352560,"KODEX 미국부동산리츠(H)",12415,180,1.47,12411,0.2948,20828,34800000000
2026-06-08,0141T0,"SOL 중기종합채권(AA-이상)액티브",49760,-75,-0.15,49795,-0.5885,5,34700000000
2026-06-08,0138T0,"RISE 미국S&P500데일리고정커버드콜",10650,-160,-1.48,10531,15.3934,100440,34600000000
2026-06-08,276650,"RISE 글로벌테크놀로지(합성 H)",46040,-2420,-4.99,46046,28.9172,7283,34500000000
2026-06-08,0177A0,"WON 두산그룹포커스",11125,-1355,-10.86,11212,,322204,34500000000
2026-06-08,276970,"KODEX 미국S&P500배당귀족커버드콜(합성 H)",7315,-30,-0.41,7530,-9.2339,20232,34400000000
2026-06-08,156080,"KODEX MSCI Korea",56750,-5525,-8.87,56663,59.1179,18443,34100000000
2026-06-08,0105D0,"SOL 한국AI소프트웨어",11875,-495,-4,11955,20.5569,990769,33800000000
2026-06-08,0190M0,"KIWOOM 미국AI테크하이베타",10730,-1020,-8.68,10746,,142225,33800000000
2026-06-08,261060,"TIGER 코스닥150IT",25565,-3145,-10.95,25571,10.4817,75284,33700000000
2026-06-08,461600,"SOL 미국30년국채액티브(H)",8540,-80,-0.93,8537,-2.5989,12615,33700000000
2026-06-08,491090,"KODEX 미국테크TOP3플러스",19255,-590,-2.97,19231,25.1218,107816,33700000000
2026-06-08,395290,"HANARO Fn K-POP&미디어",5335,-355,-6.24,5377,-29.883,159276,33600000000
2026-06-08,0047R0,"RISE 팔란티어고정테크100",15230,-695,-4.36,15298,19.5139,43707,33500000000
2026-06-08,489290,"WON 미국빌리어네어",16340,-245,-1.48,16248,11.1595,28071,33500000000
2026-06-08,494340,"ACE 글로벌AI맞춤형반도체",25715,-2390,-8.5,25463,119.5703,171554,33400000000
2026-06-08,459750,"RISE 글로벌주식분산액티브",19045,-675,-3.42,19132,14.1534,27741,33300000000
2026-06-08,414270,"ACE 글로벌자율주행액티브",14080,-720,-4.86,14059,15.8059,87186,33100000000
2026-06-08,0152E0,"SOL 배당성향탑픽액티브",11025,-520,-4.5,11067,-1.5493,70854,33100000000
2026-06-08,195930,"TIGER 유로스탁스50(합성 H)",21825,-455,-2.04,22308,5.293,4069,32700000000
2026-06-08,459790,"KIWOOM 미국성장기업30액티브",23340,-1555,-6.25,23309,31.2335,673,32700000000
2026-06-08,449780,"KIWOOM 미국S&P500(H)",18150,-345,-1.87,18115,9.8155,15367,32700000000
2026-06-08,176950,"KODEX 국채선물10년인버스",60405,330,0.55,60450,4.9344,1683,32600000000
2026-06-08,261250,"KODEX 미국달러선물레버리지",19615,-95,-0.48,19569,10.513,132297,32600000000
2026-06-08,245350,"TIGER 유로스탁스배당30",20205,-210,-1.03,20395,11.2486,9733,32300000000
2026-06-08,450190,"KODEX 한중반도체(합성)",53585,-4555,-7.83,53206,53.3025,1175,32200000000
2026-06-08,245360,"TIGER 차이나HSCEI",13370,-235,-1.73,13400,4.4104,94329,32100000000
2026-06-08,475380,"RISE 글로벌리얼티인컴",11600,-80,-0.68,11696,2.997,8345,31900000000
2026-06-08,275290,"KODEX 가치주",35415,-3065,-7.97,35394,57.086,24476,31900000000
2026-06-08,493420,"SOL 미국배당다우존스2호",13280,-245,-1.81,13290,9.8695,9732,31900000000
2026-06-08,0150K0,"KoAct 수소전력ESS인프라액티브",11570,-1345,-10.41,11677,3.86,99462,31800000000
2026-06-08,0065G0,"KODEX 차이나테크TOP10",9930,-245,-2.41,9906,5.8774,23654,31800000000
2026-06-08,0192T0,"SOL 코스닥TOP10",7935,-1065,-11.83,7938,,654587,31700000000
2026-06-08,139250,"TIGER 200 에너지화학",17935,-1645,-8.4,17896,13.8841,44564,31200000000
2026-06-08,415760,"SOL 차이나육성산업액티브(합성)",14055,-680,-4.61,14273,27.5205,31532,31200000000
2026-06-08,145850,"TREX 펀더멘탈 200",124805,-11655,-8.54,124054,53.075,154,31200000000
2026-06-08,0107F0,"KIWOOM 미국고배당&AI테크",12225,-200,-1.61,12268,15.1956,28259,31200000000
2026-06-08,0137W0,"KIWOOM 미국S&P500&GOLD",11130,-265,-2.33,11104,13.0368,16946,31200000000
2026-06-08,248270,"TIGER S&P글로벌헬스케어(합성)",26600,30,0.11,26595,0.5867,13383,30900000000
2026-06-08,0093D0,"KoAct 팔란티어밸류체인액티브",19180,-1695,-8.12,19375,46.4912,24636,30700000000
2026-06-08,488200,"KIWOOM K-2차전지북미공급망",14235,-1520,-9.65,14275,20.6584,11752,30600000000
2026-06-08,271060,"KODEX 3대농산물선물(H)",7645,-120,-1.55,7700,-4.4308,76936,30300000000
2026-06-08,415340,"KODEX 차이나과창판STAR50(합성)",15000,-925,-5.81,15148,28.8951,33972,30200000000
2026-06-08,223190,"KODEX 200가치저변동",30140,-2805,-8.51,29995,37.6429,20614,30100000000
2026-06-08,139270,"TIGER 200 금융",16270,-1590,-8.9,16388,12.1894,87164,29900000000
2026-06-08,496120,"ACE 코리아밸류업",35145,-3415,-8.86,35127,52.6609,29451,29900000000
2026-06-08,437350,"RISE 미국단기투자등급회사채액티브",13475,-95,-0.7,13480,4.8686,15167,29600000000
2026-06-08,0089B0,"PLUS 미국나스닥100미국채혼합50",12330,-270,-2.14,12307,16.0044,100853,29600000000
2026-06-08,277540,"ACE 아시아TOP50",34710,-1800,-4.93,34626,35.8258,10271,29500000000
2026-06-08,0097L0,"KIWOOM 한국고배당&미국AI테크",13065,-595,-4.36,13056,10.3736,18759,29400000000
2026-06-08,204450,"KODEX 차이나H레버리지(H)",2295,-65,-2.75,2313,-2.6805,260778,29100000000
2026-06-08,0164G0,"RISE 차이나AI반도체TOP4Plus",15280,-630,-3.96,15110,,137505,29000000000
2026-06-08,477730,"KODEX 인도타타그룹",8155,-160,-1.92,8149,0.0547,29347,29000000000
2026-06-08,269420,"KODEX S&P글로벌인프라(합성)",24800,-30,-0.12,24787,1.8248,3510,28800000000
2026-06-08,0144M0,"KODEX 미국드론UAM TOP10",9005,-820,-8.35,9065,4.6883,94733,28800000000
2026-06-08,138230,"KIWOOM 미국달러선물",17830,-105,-0.59,17854,5.8424,2501,28500000000
2026-06-08,465660,"TIGER 일본반도체FACTSET",26950,-2040,-7.04,26766,36.5941,19313,28300000000
2026-06-08,227540,"TIGER 200 헬스케어",17210,-1620,-8.6,17258,-15.564,67737,28200000000
2026-06-08,117460,"KODEX 에너지화학",14350,-1265,-8.1,14370,-1.236,63346,28100000000
2026-06-08,388280,"RISE K엔터&여행레저",7750,-415,-5.08,7781,3.9212,18986,28100000000
2026-06-08,469050,"RISE 미국반도체NYSE(H)",32970,-2545,-7.17,32615,70.7173,80256,28000000000
2026-06-08,289480,"TIGER 200커버드콜",10615,-565,-5.05,10642,15.1612,145298,27600000000
2026-06-08,497780,"KoAct 미국천연가스인프라액티브",11720,-300,-2.5,11852,4.8506,43216,27500000000
2026-06-08,483570,"KCGI 미국S&P500 TOP10",17085,-425,-2.43,17026,19.3592,5644,27300000000
2026-06-08,300950,"KODEX 게임산업",6020,-255,-4.06,5996,2.9532,220936,27100000000
2026-06-08,438320,"TIGER 차이나항셍테크레버리지(합성 H)",5760,-355,-5.81,5731,0.8244,137992,27000000000
2026-06-08,256440,"ACE MSCI인도네시아(합성)",4995,-295,-5.58,4931,-32.0925,125902,27000000000
2026-06-08,368190,"HANARO Fn K-뉴딜디지털플러스",8130,-580,-6.66,8131,1.6336,1300,26800000000
2026-06-08,292500,"SOL KRX300",53625,-5355,-9.08,53942,51.2822,702,26800000000
2026-06-08,411540,"SOL 200 Top10",19045,-1680,-8.11,18962,28.8531,52656,26700000000
2026-06-08,0051A0,"KoAct 브로드컴밸류체인액티브",26555,-2070,-7.23,26583,55.7823,13188,26600000000
2026-06-08,419650,"PLUS 글로벌수소&차세대연료전지",6975,-660,-8.64,7011,58.9911,64181,26500000000
2026-06-08,159800,"마이티 코스피100",94590,-9305,-8.96,94844,58.2944,1537,26500000000
2026-06-08,292160,"TIGER KRX300",52840,-5320,-9.15,52958,52.4517,4311,26400000000
2026-06-08,167860,"KIWOOM 국고채10년레버리지",90700,-1165,-1.27,90650,-7.9832,26,26300000000
2026-06-08,252650,"KODEX 200동일가중",18770,-1530,-7.54,18906,12.6714,5450,26300000000
2026-06-08,364690,"KODEX 혁신기술테마액티브",43780,-3800,-7.99,43816,54.1876,4560,26300000000
2026-06-08,0103T0,"1Q K소버린AI",10405,-320,-2.98,10466,10.9695,414622,26000000000
2026-06-08,367740,"HANARO Fn5G산업",47080,-3565,-7.04,46893,75.2544,45292,25900000000
2026-06-08,0104P0,"TIGER 코리아배당다우존스위클리커버드콜",11230,-660,-5.55,11239,3.8473,33210,25800000000
2026-06-08,0186L0,"KoAct 미국로봇피지컬AI액티브",11230,-785,-6.53,11153,,159563,25800000000
2026-06-08,363510,"SOL KIS단기통안채",111535,10,0.01,111540,0.618,12,25800000000
2026-06-08,440340,"TIGER 글로벌멀티에셋TIF액티브",13155,-200,-1.5,13252,8.1063,16296,25700000000
2026-06-08,117680,"KODEX 철강",13060,-980,-6.98,13005,-6.5966,56946,25600000000
2026-06-08,0115C0,"RISE 미국고배당다우존스TOP10",11850,-30,-0.25,11860,2.7902,16162,25500000000
2026-06-08,433220,"에셋플러스 글로벌대장장이액티브",36030,-1190,-3.2,36047,28.6109,4686,25200000000
2026-06-08,481340,"RISE 미국30년국채액티브",9865,-150,-1.5,9912,0.9806,34940,25200000000
2026-06-08,0193G0,"KoAct 코스피액티브",9475,-915,-8.81,9498,,440886,25100000000
2026-06-08,364990,"TIGER 게임TOP10",5205,-325,-5.88,5249,9.2405,210598,25000000000
2026-06-08,280930,"KODEX 미국러셀2000(H)",16110,-465,-2.81,16114,10.1694,26536,25000000000
2026-06-08,229720,"KODEX KTOP30",41390,-3760,-8.33,41559,48.6883,22536,24800000000
2026-06-08,289250,"TIGER MSCI KOREA ESG유니버설",37560,-3580,-8.7,37682,66.2455,4530,24800000000
2026-06-08,0047P0,"RISE 테슬라고정테크100",15980,-775,-4.63,15896,23.5642,15079,24800000000
2026-06-08,0153X0,"PLUS 미국고배당주액티브",11430,-70,-0.61,11450,4.5681,41480,24600000000
2026-06-08,225130,"ACE 골드선물 레버리지(합성 H)",48870,-2645,-5.13,48713,-28.8664,7150,24400000000
2026-06-08,152380,"KODEX 국채선물10년",64205,-470,-0.73,64254,-3.8219,5787,24300000000
2026-06-08,404260,"KODEX 기후변화솔루션",26900,-2780,-9.37,26936,39.3848,5154,24200000000
2026-06-08,385600,"ACE 2차전지&친환경차액티브",14190,-1350,-8.69,14299,50.8685,59755,24100000000
2026-06-08,391670,"HK 베스트일레븐액티브",31945,-2875,-8.26,32214,63.0262,731,24000000000
2026-06-08,445910,"TIGER MKF배당귀족",20750,-1180,-5.38,20633,9.4222,13412,23900000000
2026-06-08,108590,"TREX 200",118875,-11680,-8.95,118940,57.1254,889,23800000000
2026-06-08,0049K0,"ACE 미국배당퀄리티채권혼합50",11565,-165,-1.41,11584,6.4322,29060,23700000000
2026-06-08,479850,"HANARO K-뷰티",14365,-795,-5.24,14306,4.89,35061,23700000000
2026-06-08,376410,"TIGER 탄소효율그린뉴딜",26330,-2580,-8.92,26437,46.4345,6524,23700000000
2026-06-08,463300,"RISE 중국본토CSI300",14765,-555,-3.62,14956,11.784,924,23600000000
2026-06-08,471460,"KIWOOM 국고채30년액티브",47090,-630,-1.32,47083,-12.5527,4278,23500000000
2026-06-08,375760,"HANARO 탄소효율그린뉴딜",26095,-2865,-9.89,26347,49.2856,1450,23500000000
2026-06-08,461450,"KODEX 코스닥글로벌",15645,-2150,-12.08,15756,-3.3577,31622,23500000000
2026-06-08,300640,"RISE 게임테마",6690,-305,-4.36,6712,-5.8883,38447,23400000000
2026-06-08,0026E0,"KODEX 미국S&P500버퍼3월액티브",12650,0,0,12604,13.8901,219,23400000000
2026-06-08,304770,"HANARO 코스닥150",15645,-1955,-11.11,15803,-11.9569,56805,23200000000
2026-06-08,464920,"PLUS 일본반도체소부장",25520,-1665,-6.12,25634,18.9827,10427,23000000000
2026-06-08,169950,"KODEX 차이나A50",28590,-1035,-3.49,28926,15.1156,5514,22900000000
2026-06-08,195970,"PLUS 선진국MSCI(합성 H)",15645,-315,-1.97,15745,3.94,7667,22800000000
2026-06-08,337120,"KODEX 멀티팩터",37575,-3910,-9.43,37830,49.65,5395,22500000000
2026-06-08,371450,"TIGER 글로벌클라우드컴퓨팅INDXX",13290,-365,-2.67,13286,33.6105,45189,22300000000
2026-06-08,0184E0,"1Q 200채권혼합50액티브",11445,-490,-4.11,11390,,159175,22300000000
2026-06-08,489000,"PLUS 일본엔화초단기국채(합성)",10110,-70,-0.69,10114,3.0364,238642,22200000000
2026-06-08,461910,"PLUS 미국테크TOP10레버리지(합성)",43920,-2930,-6.25,43617,37.39,2354,22000000000
2026-06-08,449580,"RISE 테슬라애플아마존채권혼합",16885,-225,-1.32,16906,6.3393,23925,22000000000
2026-06-08,417630,"TIGER KEDI혁신기업ESG30",19945,-1530,-7.12,20004,23.8932,3468,21900000000
2026-06-08,185680,"KODEX 미국S&P바이오(합성)",41945,-1315,-3.04,42224,9.5744,4937,21900000000
2026-06-08,0193K0,"PLUS 삼성전자단일종목레버리지",19890,-5470,-21.57,19697,,259275,21900000000
2026-06-08,0018Z0,"RISE 미국양자컴퓨팅",21795,-1935,-8.15,21830,57.2043,27153,21800000000
2026-06-08,457690,"KODEX 33-06 국고채액티브",10345,-60,-0.58,10350,-2.7571,27421,21700000000
2026-06-08,239660,"PLUS 우량회사채50",120665,-75,-0.06,120658,0.1119,910,21700000000
2026-06-08,0186S0,"1Q 코스닥150채권혼합50액티브",9015,-285,-3.06,8789,,296645,21600000000
2026-06-08,282000,"RISE 국고채3년선물인버스",115230,275,0.24,115150,1.9104,10,21500000000
2026-06-08,292050,"RISE KRX300",53860,-5440,-9.17,54187,51.1793,1597,21500000000
2026-06-08,289040,"KODEX MSCI KOREA ESG유니버설",35870,-3130,-8.03,35799,59.6753,815,21500000000
2026-06-08,226980,"KODEX 200 중소형",23675,-1905,-7.45,23826,12.0039,14971,21300000000
2026-06-08,284980,"RISE 200금융",21950,-1760,-7.42,21824,11.8043,41172,21100000000
2026-06-08,236350,"TIGER 인도니프티50레버리지(합성)",31885,-1590,-4.75,32582,-9.3188,29569,21000000000
2026-06-08,468370,"KODEX iShares미국인플레이션국채액티브",12135,-125,-1.02,12160,5.4065,88627,20900000000
2026-06-08,445690,"BNK 주주가치액티브",32040,-2515,-7.28,31897,23.9418,492,20800000000
2026-06-08,228820,"TIGER KTOP30",20780,-1990,-8.74,20901,48.9401,53827,20800000000
2026-06-08,253290,"RISE 헬스케어채권혼합",11515,-345,-2.91,11580,-8.8056,92368,20700000000
2026-06-08,102960,"KODEX 기계장비",15675,-1190,-7.06,15608,5.2346,19019,20700000000
2026-06-08,304760,"HANARO KRX300",51605,-5410,-9.49,51935,53.4623,91,20600000000
2026-06-08,387280,"TIGER 퓨처모빌리티액티브",14235,-1300,-8.37,14319,27.2245,25772,20600000000
2026-06-08,461900,"PLUS 미국테크TOP10",24240,-700,-2.81,24129,18.387,29569,20600000000
2026-06-08,487950,"KODEX 대만테크고배당다우존스",14710,-865,-5.55,14728,54.9316,42980,20600000000
2026-06-08,476260,"HANARO 반도체핵심공정주도주",12470,-1745,-12.28,12534,10.9246,253966,20600000000
2026-06-08,483330,"ACE 마이크로소프트밸류체인액티브",15745,-780,-4.72,15718,41.2997,152800,20500000000
2026-06-08,183710,"RISE 주식혼합",98570,-8995,-8.36,98836,43.123,1893,19700000000
2026-06-08,451600,"PLUS 국고채30년액티브",86860,-1120,-1.27,86689,-12.0552,103,19400000000
2026-06-08,0104G0,"PLUS K방산레버리지",8190,-1300,-13.7,8325,-40.3722,184811,19200000000
2026-06-08,404120,"TIME K신재생에너지액티브",27490,-2560,-8.52,27404,27.8995,12054,19200000000
2026-06-08,227830,"PLUS 코스피",76950,-7550,-8.93,77443,46.102,706,19200000000
2026-06-08,477490,"에셋플러스 글로벌일등기업포커스10액티브",21310,-745,-3.38,21287,21.5486,2210,19200000000
2026-06-08,091220,"TIGER 은행",15220,-1245,-7.56,15161,6.4119,145997,19200000000
2026-06-08,442550,"RISE TDF2030액티브 적격",15255,-440,-2.8,15221,10.0631,13327,19100000000
2026-06-08,337150,"KODEX 200exTOP",27235,-2345,-7.93,27420,21.8459,1915,19100000000
2026-06-08,0204S0,"TIGER 코스닥액티브",8065,-900,-10.04,8029,,647755,19000000000
2026-06-08,332620,"PLUS 미국장기우량회사채",101680,-1290,-1.25,101557,4.3453,1496,19000000000
2026-06-08,0192S0,"SOL 코스피200채권혼합50",9855,-445,-4.32,9846,,257222,18700000000
2026-06-08,219390,"RISE 미국S&P원유생산기업(합성 H)",7535,-5,-0.07,7421,5.4545,107092,18500000000
2026-06-08,460660,"RISE 미국S&P배당킹",12265,215,1.78,12254,-0.4343,18511,18400000000
2026-06-08,213630,"PLUS 미국다우존스고배당주(합성 H)",19980,185,0.93,20057,-0.6525,6140,18400000000
2026-06-08,0088N0,"WON K-글로벌수급상위",11850,-1280,-9.75,11947,4.4135,38525,18400000000
2026-06-08,396510,"TIGER 차이나클린에너지SOLACTIVE",8805,-310,-3.4,8887,-1.0852,26159,18300000000
2026-06-08,0198D0,"1Q SK하이닉스선물단일종목레버리지",18285,-3880,-17.51,17588,,533635,18200000000
2026-06-08,453630,"KODEX 미국S&P500필수소비재",13440,240,1.82,13457,-1.5031,72014,18100000000
2026-06-08,494420,"PLUS 미국배당증가성장주데일리커버드콜",10065,-205,-2,10030,9.8549,12397,18100000000
2026-06-08,416090,"ACE 중국과창판STAR50",13860,-785,-5.36,13946,30.0621,37251,18000000000
2026-06-08,0028X0,"KODEX 미국금융테크액티브",11260,-260,-2.26,11264,2.6233,16729,18000000000
2026-06-08,289260,"TIGER MSCI KOREA ESG리더스",30020,-2625,-8.04,30196,58.9442,11670,18000000000
2026-06-08,474920,"에셋플러스 차이나일등기업포커스10액티브",19145,-950,-4.73,19261,25.3587,4140,18000000000
2026-06-08,0203S0,"WON 삼성전자현대차채권혼합50",9820,-460,-4.47,9784,,591935,17700000000
2026-06-08,130680,"TIGER 원유선물Enhanced(H)",7515,155,2.11,7516,43.8905,42543,17700000000
2026-06-08,291130,"ACE MSCI멕시코(합성)",19560,-530,-2.64,19714,2.9464,1186,17600000000
2026-06-08,0127R0,"RISE 미국AI클라우드인프라",19500,-1960,-9.13,19505,95.0022,35130,17600000000
2026-06-08,447660,"PLUS 애플채권혼합",13890,-15,-0.11,13888,6.1445,34695,17400000000
2026-06-08,417450,"RISE 글로벌수소경제",20400,-2080,-9.25,20547,65.4766,6496,17300000000
2026-06-08,419420,"KODEX 미국클린에너지나스닥",12360,-1205,-8.88,12370,46.1611,13095,17300000000
2026-06-08,453820,"KODEX 인도Nifty50레버리지(합성)",13245,-325,-2.39,13206,-10.3699,31351,17200000000
2026-06-08,0084E0,"KIWOOM 미국대형주500월간목표헤지액티브",11445,0,0,11379,14.475,56,17200000000
2026-06-08,469160,"ACE 일본반도체",28500,-2915,-9.28,28802,49.0275,20028,17100000000
2026-06-08,0086C0,"TIGER 리츠부동산인프라10채권혼합액티브",9710,-140,-1.42,9706,-3.5795,19595,17000000000
2026-06-08,0198B0,"1Q 삼성전자선물단일종목레버리지",19725,-5100,-20.54,19072,,365112,17000000000
2026-06-08,432840,"HANARO 미국S&P500",21175,-475,-2.19,21082,15.7979,9375,16900000000
2026-06-08,225060,"TIGER 이머징마켓MSCI레버리지(합성 H)",15910,-1220,-7.12,15860,28.0269,243,16900000000
2026-06-08,276000,"TIGER 글로벌자원생산기업(합성 H)",19815,-575,-2.82,19961,-1.1155,2385,16800000000
2026-06-08,131890,"ACE 삼성그룹동일가중",42050,-2740,-6.12,41874,42.6092,14377,16800000000
2026-06-08,453010,"PLUS KOFR금리",109185,10,0.01,109195,0.6267,12375,16800000000
2026-06-08,413930,"WON AI ESG액티브",30565,-3045,-9.06,30693,51.158,15053,16800000000
2026-06-08,491510,"파워 K-주주가치액티브",17525,-1080,-5.8,17670,8.4523,501,16600000000
2026-06-08,0021D0,"ACE TDF2030액티브 적격",11475,-115,-0.99,11439,1.622,15925,16600000000
2026-06-08,250730,"RISE 차이나HSCEI(H)",9785,10,0.1,9780,-1.0628,3222,16600000000
2026-06-08,0013P0,"RISE 미국은행TOP10",12750,-550,-4.14,13066,16.8987,100168,16600000000
2026-06-08,104520,"KIWOOM 블루칩",15005,-1545,-9.34,15510,16.4248,631,16500000000
2026-06-08,195920,"TIGER 일본TOPIX(합성 H)",32980,-1100,-3.23,33290,7.6777,573,16500000000
2026-06-08,280320,"ACE 미국IT인터넷(합성 H)",20470,-655,-3.1,20575,13.3619,338,16400000000
2026-06-08,140580,"RISE 우량업종대표주",27280,-1765,-6.08,27162,23.5603,373,16400000000
2026-06-08,292770,"KODEX 국채선물3년인버스",57960,120,0.21,57929,1.9476,56,16300000000
2026-06-08,400570,"KODEX 유럽탄소배출권선물ICE(H)",10530,-35,-0.33,10677,7.6413,15330,16300000000
2026-06-08,0000H0,"KODEX 인도Nifty미드캡100",11180,-210,-1.84,11184,8.4731,2174,16200000000
2026-06-08,404650,"SOL KRX기후변화솔루션",26755,-2705,-9.18,26920,37.9375,8442,16100000000
2026-06-08,0203R0,"WON 중단기종합채권(A-이상)액티브",49905,-5,-0.01,49913,,1,16000000000
2026-06-08,410870,"TIME K컬처액티브",9980,-655,-6.16,10059,-8.2003,25317,16000000000
2026-06-08,0015F0,"KIWOOM 팔란티어미국30년국채혼합액티브(H)",9960,-225,-2.21,10136,-4.1164,17666,15900000000
2026-06-08,265690,"ACE 러시아MSCI(합성)",8535,0,0,48,0,0,15800000000
2026-06-08,360150,"KODEX 코스닥150롱코스피200숏선물",3345,-20,-0.59,3349,-46.3746,105565,15700000000
2026-06-08,252000,"TIGER 200동일가중",19630,-1455,-6.9,19730,10.6616,256,15700000000
2026-06-08,0153P0,"ACE 리츠부동산인프라액티브",8900,-205,-2.25,8905,-10.2944,77033,15600000000
2026-06-08,0067Y0,"TIGER 차이나AI소프트웨어",12845,-465,-3.49,12959,8.5644,19602,15400000000
2026-06-08,0008E0,"ACE 미국중심중소형제조업",15395,-645,-4.02,15517,18.8148,29971,15400000000
2026-06-08,472720,"TRUSTON 주주가치액티브",27300,-2420,-8.14,27462,28.7694,3228,15300000000
2026-06-08,373490,"KODEX 코리아혁신성장액티브",30235,-2400,-7.35,30093,36.5185,5142,15100000000
2026-06-08,280920,"PLUS 주도업종",27470,-2315,-7.77,27343,39.7353,3601,15100000000
2026-06-08,244620,"KODEX 모멘텀Plus",21450,-2520,-10.51,21647,23.8975,224,15000000000
2026-06-08,0127V0,"KIWOOM 미국S&P500 TOP10&배당다우비중전환",11510,-270,-2.29,11479,17.1907,8866,15000000000
2026-06-08,114460,"ACE 국고채3년",99530,-180,-0.18,99571,-1.0385,733,14900000000
2026-06-08,0194R0,"KIWOOM SK하이닉스선물단일종목레버리지",16120,-3485,-17.78,15705,,231350,14900000000
2026-06-08,234310,"RISE V&S셀렉트밸류",29725,-2825,-8.68,29867,24.1045,4772,14900000000
2026-06-08,464610,"SOL 의료기기소부장Fn",8015,-655,-7.55,8072,-17.7373,68098,14800000000
2026-06-08,269530,"PLUS S&P글로벌인프라",22675,-20,-0.09,22490,2.4203,1460,14700000000
2026-06-08,371150,"RISE 차이나항셍테크",7750,-285,-3.55,7763,6.7774,38910,14700000000
2026-06-08,266390,"KODEX 경기소비재",16300,-1465,-8.25,16400,61.1102,78082,14700000000
2026-06-08,0113G0,"KoAct 미국바이오헬스케어액티브",10340,-165,-1.57,10408,3.1925,36950,14500000000
2026-06-08,435040,"ACE 글로벌브랜드TOP10",20665,-265,-1.27,20731,7.776,4093,14500000000
2026-06-08,496130,"TRUSTON 코리아밸류업액티브",27715,-2690,-8.85,27925,43.7928,2540,14400000000
2026-06-08,385710,"TIME K이노베이션액티브",12950,-1005,-7.2,13048,10.2726,19798,14200000000
2026-06-08,0127T0,"KIWOOM 미국S&P500&배당다우존스비중전환",11800,-265,-2.2,11759,14.665,8216,14200000000
2026-06-08,453660,"KODEX 미국S&P500경기소비재",18875,-420,-2.18,18959,5.8963,2081,14200000000
2026-06-08,0090B0,"PLUS K방산소부장",8840,-730,-7.63,8791,-13.4922,36613,14100000000
2026-06-08,0093B0,"RISE 엔비디아고정테크100",13450,-650,-4.61,13449,27.3733,8809,14100000000
2026-06-08,371870,"ACE 차이나항셍테크",7740,-260,-3.25,7746,7.0234,4232,13900000000
2026-06-08,488290,"MIDAS 일본테크액티브",50510,-3670,-6.77,50858,53.8985,2668,13900000000
2026-06-08,395760,"PLUS ESG성장주액티브",23105,-2270,-8.95,23229,43.0306,346,13900000000
2026-06-08,300610,"TIGER K게임",5655,-275,-4.64,5681,-6.6089,52977,13900000000
2026-06-08,448490,"HANARO 32-10 국고채액티브",52400,-345,-0.65,52354,-4.0913,37,13800000000
2026-06-08,484890,"SOL 머니마켓액티브",52200,5,0.01,52200,0.6459,8908,13800000000
2026-06-08,261110,"TIGER 미국달러선물레버리지",19645,-100,-0.51,19593,10.9269,1202,13800000000
2026-06-08,0021C0,"ACE TDF장기자산배분액티브",14450,-425,-2.86,14411,11.5485,15618,13700000000
2026-06-08,354240,"RISE 미국고정배당우선증권",11915,-10,-0.08,11910,1.7491,7348,13700000000
2026-06-08,301400,"PLUS 코스닥150",15960,-1780,-10.03,15994,-9.6108,18535,13600000000
2026-06-08,279540,"KODEX 최소변동성",22525,-1785,-7.34,22742,28.0479,801,13500000000
2026-06-08,269370,"TIGER S&P글로벌인프라(합성)",19295,-120,-0.62,19334,2.806,4697,13500000000
2026-06-08,428560,"KODEX 미국ETF산업Top10 Indxx",16775,95,0.57,16781,-0.2597,10440,13400000000
2026-06-08,332610,"PLUS 미국단기회사채(AAA~A)",139785,-595,-0.42,139726,5.484,302362,13400000000
2026-06-08,482030,"KoAct 반도체&2차전지핵심소재액티브",10310,-960,-8.52,10266,-6.5506,20213,13400000000
2026-06-08,0004G0,"1Q 미국배당TOP30",9485,-40,-0.42,9510,-0.5379,30292,13300000000
2026-06-08,463640,"KODEX 미국S&P500유틸리티",15620,120,0.77,15710,-2.4468,7375,13300000000
2026-06-08,438900,"HANARO Fn K-푸드",10605,-435,-3.94,10644,-1.8793,61211,13300000000
2026-06-08,489860,"KIWOOM 글로벌전력GRID인프라",17635,-620,-3.4,17542,22.3671,10988,13200000000
2026-06-08,0094L0,"RISE 차이나테크TOP10위클리타겟커버드콜",9035,-175,-1.9,9183,10.6984,4227,13100000000
2026-06-08,465670,"TIGER 미국캐시카우100",16375,-475,-2.82,16470,14.3801,7866,13100000000
2026-06-08,446700,"RISE 배터리 리사이클링",11025,-1045,-8.66,11048,-3.2292,15886,13000000000
2026-06-08,0087F0,"ACE 차이나AI빅테크TOP2+액티브",13645,-460,-3.26,13713,31.5764,8529,13000000000
2026-06-08,0176P0,"FOCUS AI반도체위클리고정커버드콜",14235,-1420,-9.07,14255,,31128,12800000000
2026-06-08,399580,"RISE 글로벌클린에너지",12795,-915,-6.67,12705,37.9969,8741,12800000000
2026-06-08,137610,"TIGER 농산물선물Enhanced(H)",5075,-30,-0.59,5084,-2.2967,12288,12700000000
2026-06-08,0194N0,"KIWOOM 삼성전자선물단일종목레버리지",18675,-4610,-19.8,18120,,183445,12600000000
2026-06-08,407820,"에셋플러스 코리아플랫폼액티브",6975,-525,-7,6953,-12.892,2372,12600000000
2026-06-08,0094X0,"1Q 샤오미밸류체인액티브",9645,-415,-4.13,9775,8.3467,14513,12500000000
2026-06-08,0184N0,"PLUS 은채권혼합",9250,-325,-3.39,9349,,59665,12500000000
2026-06-08,409810,"KODEX 미국나스닥100선물인버스(H)",5625,195,3.59,5634,-16.7817,102416,12400000000
2026-06-08,379790,"RISE 유로스탁스50(H)",16490,-250,-1.49,16720,6.4546,5969,12400000000
2026-06-08,457700,"KODEX 53-09 국고채액티브",9365,-130,-1.37,9343,-11.1372,5747,12400000000
2026-06-08,266410,"KODEX 필수소비재",8770,-360,-3.94,8823,4.7319,15035,12300000000
2026-06-08,494180,"TIME 글로벌소비트렌드액티브",14435,40,0.28,14294,5.5738,966,12300000000
2026-06-08,453060,"HANARO KOFR금리액티브(합성)",110710,5,0,110718,0.65,1560,12200000000
2026-06-08,461580,"TIGER 코스닥글로벌",16135,-2015,-11.1,16061,-4.2051,16861,12100000000
2026-06-08,498050,"HANARO 바이오코리아액티브",11420,-1230,-9.72,11462,-22.3689,45251,12000000000
2026-06-08,463690,"KODEX 미국S&P500커뮤니케이션",19900,-90,-0.45,19832,1.2928,1497,11900000000
2026-06-08,140710,"KODEX 운송",5935,-310,-4.96,5922,-10.6521,35934,11900000000
2026-06-08,435550,"KIWOOM TDF2050액티브 적격",19650,-495,-2.46,19262,17.7037,6664,11800000000
2026-06-08,451150,"에셋플러스 글로벌영에이지액티브",18990,-495,-2.54,18944,5.4668,11,11800000000
2026-06-08,0133E0,"TIGER 차이나증권",8690,-170,-1.92,8874,0.9111,8120,11700000000
2026-06-08,251590,"PLUS 고배당저변동50",16585,-430,-2.53,16511,-1.8605,4034,11600000000
2026-06-08,0191S0,"IBK 코스닥150",15625,-1920,-10.94,15886,,8472,11600000000
2026-06-08,487910,"ACE 인도컨슈머파워액티브",8870,-45,-0.5,8869,-2.2479,5583,11500000000
2026-06-08,272570,"RISE 중장기국공채액티브",106485,-280,-0.26,106482,-1.9155,176,11500000000
2026-06-08,449680,"TIGER 한중전기차(합성)",13390,-980,-6.82,13412,11.9594,248,11400000000
2026-06-08,485810,"TIME 글로벌바이오액티브",10765,-50,-0.46,10763,1.7882,10925,11300000000
2026-06-08,354350,"HANARO 글로벌럭셔리S&P(합성)",21700,-180,-0.82,21805,4.4142,1270,11300000000
2026-06-08,0172Y0,"ACE K수출핵심TOP10산업액티브",10240,-835,-7.54,10193,,36220,11300000000
2026-06-08,225800,"KIWOOM 미국달러선물레버리지",18460,-145,-0.78,18469,10.3826,562,11300000000
2026-06-08,460270,"KIWOOM 미국달러SOFR금리액티브(합성)",13860,-5,-0.04,13814,5.8801,5220,11200000000
2026-06-08,430500,"KIWOOM 물가채KIS",112135,-640,-0.57,112108,-0.2345,457,11200000000
2026-06-08,433250,"UNICORN R&D 액티브",27980,-1400,-4.77,27142,34.6779,3700,11200000000
2026-06-08,456250,"KODEX 유럽명품TOP10 STOXX",9655,-165,-1.68,9727,-0.2513,12289,11100000000
2026-06-08,140570,"RISE 수출주",27650,-2390,-7.96,27811,35.4354,726,11100000000
2026-06-08,105010,"TIGER 라틴35",6870,-165,-2.35,6844,4.7269,15696,11000000000
2026-06-08,0138D0,"RISE 동학개미",14600,-1650,-10.15,14472,17.5844,9296,11000000000
2026-06-08,375270,"RISE 글로벌데이터센터리츠(합성)",16830,-670,-3.83,16826,20.7312,33915,10900000000
2026-06-08,166400,"TIGER 200커버드콜OTM",21865,-860,-3.78,21709,22.8894,14958,10900000000
2026-06-08,0002C0,"에셋플러스 인도일등기업포커스20액티브",10120,-210,-2.03,10143,12.6499,5111,10900000000
2026-06-08,404540,"TIGER KRX기후변화솔루션",27140,-2640,-8.87,27185,38.1567,2658,10900000000
2026-06-08,0174R0,"KIWOOM 미국성장다우존스",12050,-275,-2.23,12015,,17670,10800000000
2026-06-08,429010,"TIGER 미국나스닥넥스트100",21355,-635,-2.89,21074,27.6262,2920,10700000000
2026-06-08,117690,"TIGER 차이나항셍30",21285,-505,-2.32,21492,4.0343,6500,10600000000
2026-06-08,310080,"RISE 중국MSCI China(H)",9225,-165,-1.76,9296,-2.8454,3185,10600000000
2026-06-08,0120J0,"BNK 카카오그룹포커스",8080,-330,-3.92,8044,-17.3059,27223,10500000000
2026-06-08,0047N0,"PLUS 차이나AI테크TOP10",11055,-555,-4.78,11125,14.8578,113633,10500000000
2026-06-08,429980,"SOL 한국형글로벌전기차&2차전지액티브",20815,-1665,-7.41,21062,41.2333,9083,10400000000
2026-06-08,0001P0,"마이티 바이오시밀러&CDMO액티브",9260,-940,-9.22,9282,-24.9715,5510,10400000000
2026-06-08,0166T0,"PLUS 글로벌저작권핵심기업액티브",10340,-100,-0.96,10349,,20173,10300000000
2026-06-08,181480,"ACE 미국부동산리츠(합성 H)",85640,1340,1.59,85296,0.516,719,10300000000
2026-06-08,0084D0,"KIWOOM 미국테크100월간목표헤지액티브",12820,-255,-1.95,12804,24.3147,2987,10300000000
2026-06-08,395150,"KODEX 웹툰&드라마",2005,-45,-2.2,2016,-25.0458,287584,10200000000
2026-06-08,290080,"RISE 200고배당커버드콜ATM",5825,-275,-4.51,5995,-21.3495,16418,10200000000
2026-06-08,237440,"TIGER 경기방어채권혼합",10055,-70,-0.69,10052,-1.4119,4165,10100000000
2026-06-08,381570,"HANARO Fn친환경에너지",11120,-1240,-10.03,11206,17.1592,24286,10000000000
2026-06-08,390400,"KODEX 미국스마트모빌리티S&P",8870,-575,-6.09,8869,32.445,6516,9800000000
2026-06-08,494210,"SOL 미국500타겟데일리커버드콜액티브",11925,-280,-2.29,11901,15.946,6841,9500000000
2026-06-08,0203D0,"PLUS 200위클리커버드콜채권혼합",9535,-475,-4.75,9534,,252398,9500000000
2026-06-08,497510,"ACE 글로벌빅파마",13550,150,1.12,13457,2.761,29894,9500000000
2026-06-08,250780,"TIGER 코스닥150선물인버스",2460,225,10.07,2478,5.6737,532595,9500000000
2026-06-08,487920,"ACE 인도시장대표BIG5그룹액티브",8595,-175,-2,8603,3.7869,7955,9500000000
2026-06-08,230480,"KIWOOM 미국달러선물인버스2X",3745,-5,-0.13,3786,-10.3943,26287,9400000000
2026-06-08,435540,"KIWOOM TDF2040액티브 적격",18740,-585,-3.03,18745,15.5801,19673,9400000000
2026-06-08,499150,"SOL 미국S&P500엔화노출(H)",11640,-300,-2.51,11615,13.3812,368,9300000000
2026-06-08,256450,"PLUS 심천차이넥스트(합성)",18530,-610,-3.19,18604,32.9166,1416,9300000000
2026-06-08,402460,"HANARO Fn K-메타버스MZ",16830,-775,-4.4,16760,82.0416,22416,9300000000
2026-06-08,0005C0,"RISE 미국S&P500엔화노출(합성 H)",11565,-765,-6.2,11990,12.2439,3692,9300000000
2026-06-08,457930,"BNK 미래전략기술액티브",30795,-2995,-8.86,30982,24.2507,330,9200000000
2026-06-08,395750,"PLUS ESG가치주액티브",23015,-1885,-7.57,22767,50.5742,81,9200000000
2026-06-08,466810,"BNK 2차전지양극재",6340,-715,-10.13,6352,1.8772,14899,9200000000
2026-06-08,395280,"HANARO Fn K-게임",3825,-180,-4.49,3818,5.6728,83110,9200000000
2026-06-08,174350,"TIGER 로우볼",19535,-1095,-5.31,19713,4.2506,3677,9000000000
2026-06-08,450180,"KODEX 한중전기차(합성)",13750,-945,-6.43,13727,11.7065,46,8900000000
2026-06-08,0036Z0,"RISE 미국천연가스밸류체인",13700,-405,-2.87,13874,9.2563,10033,8900000000
2026-06-08,139290,"TIGER 200 경기소비재",31200,-2860,-8.4,31383,23.9381,28130,8700000000
2026-06-08,341850,"TIGER 리츠부동산인프라채권",4340,-75,-1.7,4344,-9.0842,15449,8700000000
2026-06-08,0082F0,"HANARO 유럽방산",10750,-145,-1.33,10823,-8.2913,710,8600000000
2026-06-08,480460,"WON 한국부동산TOP3플러스",8570,-280,-3.16,8573,-11.8497,1903,8600000000
2026-06-08,270800,"RISE KQ고배당",15430,-1250,-7.49,15588,6.5238,5797,8500000000
2026-06-08,497520,"ACE 일라이릴리밸류체인",12995,-25,-0.19,12854,5,13547,8400000000
2026-06-08,0102X0,"ACE 유럽방산TOP10",9905,-45,-0.45,9905,-11.9517,9319,8400000000
2026-06-08,437370,"RISE 글로벌농업경제",11155,-95,-0.84,11116,1.397,9887,8400000000
2026-06-08,435530,"KIWOOM TDF2030액티브 적격",16715,-415,-2.42,16687,13.1066,2570,8400000000
2026-06-08,215620,"HK S&P코리아로우볼",15385,-315,-2.01,15319,-8.6212,68,8300000000
2026-06-08,253280,"RISE 헬스케어",12775,-1225,-8.75,12762,-23.1958,4080,8300000000
2026-06-08,407310,"HANARO 200 TOP10",18445,-1845,-9.09,18559,29.2059,26598,8300000000
2026-06-08,182490,"TIGER 단기선진하이일드(합성 H)",13680,-95,-0.69,13788,0.0726,327,8200000000
2026-06-08,438740,"MIDAS 중소형액티브",36395,-2725,-6.97,36469,9.0604,29,8200000000
2026-06-08,462340,"에셋플러스 글로벌다이나믹시니어액티브",16350,-305,-1.83,16305,4.3219,240,8200000000
2026-06-08,285690,"FOCUS ESG리더스",22665,-1915,-7.79,22829,30.3632,7,7900000000
2026-06-08,488480,"RISE 일본섹터TOP4Plus",13875,-675,-4.64,13946,10.4783,1536,7600000000
2026-06-08,217780,"TIGER 차이나CSI300인버스(합성)",4900,200,4.26,4964,-12.963,587,7600000000
2026-06-08,219900,"ACE 중국본토CSI300레버리지(합성)",5425,-365,-6.3,5518,22.6694,3627,7600000000
2026-06-08,281990,"RISE 중소형고배당",16845,-795,-4.51,16957,-1.7418,7613,7600000000
2026-06-08,326230,"RISE 내수주플러스",11780,-845,-6.69,11831,8.3675,11144,7500000000
2026-06-08,189400,"PLUS 글로벌MSCI(합성 H)",25030,-690,-2.68,25105,9.7035,115,7500000000
2026-06-08,400590,"SOL 글로벌탄소배출권선물ICE(합성)",14735,-30,-0.2,14607,20.9254,1347,7400000000
2026-06-08,227570,"TIGER 우량가치",20430,-965,-4.51,20660,14.2077,2737,7400000000
2026-06-08,368680,"KODEX K-뉴딜디지털플러스",8160,-630,-7.17,8204,2.6817,316,7300000000
2026-06-08,0184V0,"UNICORN K바이오액티브",6965,-995,-12.5,6934,,70113,7300000000
2026-06-08,456200,"PLUS 미국달러SOFR금리액티브(합성)",66310,0,0,66019,6.0705,326,7300000000
2026-06-08,0078V0,"PLUS 미국로보택시",11135,-555,-4.75,11040,9.1479,2921,7200000000
2026-06-08,304670,"KODEX 미국30년국채울트라선물인버스(H)",12045,95,0.79,12063,3.4184,5197,7200000000
2026-06-08,413220,"SOL 차이나태양광CSI(합성)",6015,-360,-5.65,6032,-1.1628,11145,7200000000
2026-06-08,316300,"ACE 싱가포르리츠",14295,-215,-1.48,14273,1.7235,5350,7100000000
2026-06-08,429740,"PLUS K리츠",5765,-180,-3.03,5730,-14.5418,9058,6900000000
2026-06-08,244670,"KODEX 밸류Plus",11380,-420,-3.56,11290,0.568,4550,6800000000
2026-06-08,139660,"KIWOOM 미국달러선물인버스",7530,-10,-0.13,7565,-4.978,1699,6800000000
2026-06-08,139240,"TIGER 200 철강소재",11095,-860,-7.19,11149,-15.8125,19123,6700000000
2026-06-08,0131A0,"SOL 차이나소비트렌드",9385,-365,-3.74,9414,-4.9708,142,6600000000
2026-06-08,451670,"RISE 국채30년레버리지(합성)",13130,-415,-3.06,13188,-25.4951,1366,6600000000
2026-06-08,0154H0,"KoAct 차이나바이오헬스케어액티브",7690,-260,-3.27,7695,-8.4102,18130,6500000000
2026-06-08,407300,"HANARO Fn골프테마",11790,-1185,-9.13,11981,17.8756,13267,6500000000
2026-06-08,0191B0,"MIDAS 코스닥액티브",32395,-3990,-10.97,32656,,3037,6500000000
2026-06-08,0132D0,"KoAct 글로벌K컬처밸류체인액티브",8975,-295,-3.18,9020,-6.8342,535,6300000000
2026-06-08,483240,"TIGER 미국나스닥100ETF선물",15665,0,0,15553,26.5858,0,6300000000
2026-06-08,314700,"HANARO 농업융복합산업",11360,-640,-5.33,11515,7.9859,1427,6200000000
2026-06-08,483020,"KIWOOM 의료AI",9330,-830,-8.17,9324,-25.1833,27685,6100000000
2026-06-08,0053M0,"더제이 중소형포커스액티브",13435,-1395,-9.41,13564,11.4931,1646,6000000000
2026-06-08,0114X0,"RISE 글로벌게임테크TOP3Plus",8580,-305,-3.43,8730,14.203,896,6000000000
2026-06-08,291890,"KODEX MSCI EM선물(H)",11970,-465,-3.74,11972,14.1873,1704,6000000000
2026-06-08,401590,"HANARO 글로벌탄소배출권선물ICE(합성)",11715,-240,-2.01,11803,22.1144,5699,6000000000
2026-06-08,289670,"PLUS 국채선물10년",51490,-385,-0.74,51489,-3.7034,326,6000000000
2026-06-08,243890,"TIGER 200에너지화학레버리지",9525,-2145,-18.38,9467,20.3713,66117,6000000000
2026-06-08,391600,"ACE 미국친환경그린테마",13045,-770,-5.57,13241,18.2791,1101,5900000000
2026-06-08,0073X0,"FOCUS 알리바바미국채커버드콜혼합",10635,-45,-0.42,10522,2.0748,42909,5800000000
2026-06-08,476310,"RISE 글로벌비만산업TOP2+",10490,-120,-1.13,10554,11.8608,19599,5800000000
2026-06-08,0128D0,"PLUS 차이나항셍테크위클리타겟커버드콜",8235,-220,-2.6,8179,9.9056,4382,5800000000
2026-06-08,138920,"KODEX 콩선물(H)",11280,-105,-0.92,11274,-5.0459,4046,5600000000
2026-06-08,474390,"SOL 국고채30년액티브",41845,-495,-1.17,41650,-12.5568,829,5600000000
2026-06-08,267450,"RISE 미국장기국채선물인버스(H)",11000,140,1.29,10964,2.598,956,5500000000
2026-06-08,220130,"SOL 차이나강소기업CSI500(합성 H)",6860,-260,-3.65,6866,2.5197,134,5500000000
2026-06-08,432600,"RISE 국채선물3년",54565,-60,-0.11,54574,-0.934,4,5500000000
2026-06-08,469530,"RISE 미국달러선물인버스",8455,45,0.54,8460,-5.0791,358,5400000000
2026-06-08,411860,"KIWOOM 독일DAX",18035,-525,-2.83,18280,5.1907,3282,5400000000
2026-06-08,400580,"SOL 유럽탄소배출권선물S&P(H)",10785,-125,-1.15,10940,8.5032,1101,5400000000
2026-06-08,261920,"ACE MSCI필리핀(합성)",13420,-170,-1.25,13305,-3.9576,700,5400000000
2026-06-08,483030,"KIWOOM 미국블록버스터바이오테크의약품+",11930,0,0,12016,3.0079,5557,5400000000
2026-06-08,0050E0,"PLUS 미국AI에이전트",8935,-465,-4.95,9070,16.2775,13950,5400000000
2026-06-08,0015E0,"KIWOOM 엔비디아미국30년국채혼합액티브(H)",10600,-250,-2.3,10699,2.9376,6991,5300000000
2026-06-08,321410,"KODEX 멀티에셋하이인컴(H)",10600,-5,-0.05,10595,0.0487,53,5300000000
2026-06-08,291630,"KIWOOM 코스닥150선물레버리지",5030,-1410,-21.89,4961,-23.2877,162917,5200000000
2026-06-08,295000,"RISE 국채선물10년",50825,-355,-0.69,50868,-3.797,18,5100000000
2026-06-08,498610,"RISE 인도디지털성장",8455,-125,-1.46,8442,1.2987,4648,5100000000
2026-06-08,490330,"KoAct 미국치매&뇌질환치료제액티브",14100,-330,-2.29,14229,18.5215,2122,4900000000
2026-06-08,315270,"TIGER 200커뮤니케이션서비스",22380,60,0.27,22502,2.2335,138454,4900000000
2026-06-08,307510,"TIGER 의료기기",13950,-1050,-7,14019,-18.5005,9320,4900000000
2026-06-08,0174J0,"DAISHIN343 오피스리츠플러스",8135,-260,-3.1,8078,,30,4900000000
2026-06-08,267440,"RISE 미국장기국채선물(H)",8065,-90,-1.1,8206,-4.1153,2127,4800000000
2026-06-08,0015K0,"TIGER 미국소비트렌드액티브",7665,-130,-1.67,7636,2.0956,1300,4800000000
2026-06-08,205720,"ACE 일본TOPIX인버스(합성 H)",1563,35,2.29,1568,-8.1731,14533,4700000000
2026-06-08,488210,"KIWOOM K-반도체북미공급망",23355,-2860,-10.91,23248,29.3835,1971,4700000000
2026-06-08,373790,"KIWOOM 미국방어배당성장나스닥",16490,-120,-0.72,16720,-3.802,3680,4600000000
2026-06-08,252420,"RISE 200선물인버스2X",109,18,19.78,110,-67.6157,4256698,4600000000
2026-06-08,244660,"KODEX 퀄리티Plus",9050,-350,-3.72,9066,-0.1337,74,4500000000
2026-06-08,266550,"PLUS 중형주저변동50",17695,-1045,-5.58,17813,10.1897,8264,4400000000
2026-06-08,225030,"TIGER 미국S&P500선물인버스(H)",2325,35,1.53,2327,-8.9464,78360,4400000000
2026-06-08,225050,"TIGER 유로스탁스레버리지(합성 H)",14545,-510,-3.39,14980,6.7352,1515,4400000000
2026-06-08,277650,"TIGER 코스피중형주",21645,-1185,-5.19,21527,6.9341,507,4300000000
2026-06-08,145670,"ACE 인버스",1363,109,8.69,1373,-39.5663,618296,4200000000
2026-06-08,227550,"TIGER 200 산업재",12295,-905,-6.86,12259,-3.965,2985,4200000000
2026-06-08,0079X0,"ACE BYD밸류체인액티브",11555,-590,-4.86,11786,1.0399,3371,4000000000
2026-06-08,226380,"ACE Fn성장소비주도주",5745,-180,-3.04,5712,-8.6159,441,4000000000
2026-06-08,470310,"UNICORN 생성형AI강소기업액티브",16000,-1500,-8.57,16097,23.9376,458,4000000000
2026-06-08,291680,"RISE 차이나H선물인버스(H)",7895,25,0.32,8033,-1.9315,202,3900000000
2026-06-08,334690,"RISE 팔라듐선물(H)",5605,-345,-5.8,5626,-24.1072,15249,3900000000
2026-06-08,238670,"PLUS 스마트베타Quality채권혼합",13075,-200,-1.51,13062,3.677,609,3900000000
2026-06-08,397420,"RISE 국채선물5년추종",49980,-140,-0.28,49993,-1.7929,4,3900000000
2026-06-08,306530,"HANARO 코스닥150선물레버리지",10815,-1995,-15.57,10009,-23.6819,126086,3900000000
2026-06-08,427120,"RISE AI플랫폼",5590,-290,-4.93,5588,-14.6984,4571,3700000000
2026-06-08,267490,"RISE 미국장기국채선물레버리지(합성 H)",5210,-60,-1.14,5214,-7.8672,821,3600000000
2026-06-08,489010,"PLUS 글로벌AI인프라",23115,-1380,-5.63,23258,38.2726,3523,3500000000
2026-06-08,454180,"KIWOOM 차이나내수소비TOP CSI",8360,-140,-1.65,8375,-2.5686,2559,3300000000
2026-06-08,424460,"HANARO 글로벌워터MSCI(합성)",15965,-155,-0.96,15994,-3.4442,526,3200000000
2026-06-08,476000,"UNICORN 포스트IPO액티브",6840,-840,-10.94,6833,-34.9153,1879,3100000000
2026-06-08,280940,"KODEX 골드선물인버스(H)",3485,95,2.8,3512,16.8965,21205,3000000000
2026-06-08,253230,"KIWOOM 200선물인버스2X",100,14,16.28,103,-69.8246,11520813,2900000000
2026-06-08,252410,"RISE 200선물인버스",1392,111,8.67,1396,-40.8315,136394,2800000000
2026-06-08,291620,"KIWOOM 코스닥150선물인버스",4395,430,10.84,4400,6.1579,75432,2700000000
2026-06-08,227560,"TIGER 200 생활소비재",12235,-380,-3.01,12181,1.118,1038,2700000000
2026-06-08,491630,"RISE 미국반도체인버스(합성 H)",5525,400,7.8,5645,-48.8268,11840,2600000000
2026-06-08,253160,"PLUS 200선물인버스2X",213,33,18.33,215,-68.3656,2921395,2300000000
2026-06-08,275750,"RISE 코스닥150선물인버스",2500,235,10.38,2515,6.338,64865,2300000000
2026-06-08,334700,"RISE 팔라듐선물인버스(H)",3680,170,4.84,3708,23.3743,3616,2200000000
2026-06-08,253240,"KIWOOM 200선물인버스",1382,114,8.99,1407,-42.754,271228,1700000000
2026-06-08,465620,"ACE 미국빅테크TOP7 Plus인버스(합성)",6320,225,3.69,6319,-18.4616,6798,1600000000
2026-06-08,306520,"HANARO 200선물인버스",2520,205,8.86,2537,-40.2581,86815,1400000000
2026-06-08,412560,"TIGER BBIG레버리지",2120,-290,-12.03,2133,4.329,35018,1400000000
2026-06-08,422260,"VITA MZ소비액티브",9490,-720,-7.05,9597,4.4501,1110,900000000
2026-06-08,301410,"PLUS 코스닥150선물인버스",3640,345,10.47,3653,9.2868,73800,900000000
