date,code,name,price,change,changeRate,nav,return3m,volume,aum
2026-08-28,069500,"KODEX 200",109135,1425,1.32,109434,-14.854,17104246,25488500000000
2026-08-28,360750,"TIGER 미국S&P500",26365,30,0.11,26284,-6.0019,20665540,20463200000000
2026-08-28,133690,"TIGER 미국나스닥100",179590,960,0.54,178680,-9.7441,3061200,11414700000000
2026-08-28,102110,"TIGER 200",109395,1405,1.3,109695,-14.8011,9131334,10398000000000
2026-08-28,379800,"KODEX 미국S&P500",23965,45,0.19,23892,-6.0606,20806747,10097700000000
2026-08-28,396500,"TIGER 반도체TOP10",35805,610,1.73,35931,-29.8765,11140121,9658400000000
2026-08-28,379810,"KODEX 미국나스닥100",26855,150,0.56,26715,-9.7213,19052040,9322700000000
2026-08-28,488770,"KODEX 머니마켓액티브",105345,10,0.01,105362,0.8472,839526,8465500000000
2026-08-28,278530,"KODEX 200TR",39525,540,1.39,39632,-14.88,604744,7772600000000
2026-08-28,459580,"KODEX CD금리액티브(합성)",1075965,265,0.02,1075966,0.7177,427493,6538700000000
2026-08-28,122630,"KODEX 레버리지",110390,2895,2.69,110768,-40.6351,17058258,6027300000000
2026-08-28,498400,"KODEX 200타겟위클리커버드콜",20670,290,1.42,20723,-14.4498,4305630,5814500000000
2026-08-28,381180,"TIGER 미국필라델피아반도체나스닥",42560,860,2.06,41735,-15.1072,1761247,5747700000000
2026-08-28,0167A0,"SOL AI반도체TOP2플러스",17605,355,2.06,17689,-20.452,13137946,5661800000000
2026-08-28,091160,"KODEX 반도체",127200,2500,2,127965,-23.3371,1151115,5590400000000
2026-08-28,229200,"KODEX 코스닥150",14500,300,2.11,14503,-28.9823,24014957,5116300000000
2026-08-28,148020,"RISE 200",109970,1560,1.44,110251,-14.9763,492498,4519800000000
2026-08-28,310970,"TIGER MSCI Korea TR",48665,740,1.54,48882,-14.9059,7882,4413900000000
2026-08-28,458730,"TIGER 미국배당다우존스",15345,-60,-0.39,15320,-1.6234,1473340,4356400000000
2026-08-28,411060,"ACE KRX금현물",28730,-320,-1.1,28700,-3.6804,1056259,4269300000000
2026-08-28,0162Z0,"RISE 삼성전자SK하이닉스채권혼합50",13475,125,0.94,13519,-4.2716,5443110,4143600000000
2026-08-28,395160,"KODEX AI반도체TOP2플러스",39445,830,2.15,39641,-17.7968,3611079,4027300000000
2026-08-28,360200,"ACE 미국S&P500",26650,25,0.09,26571,-5.9741,633916,3973500000000
2026-08-28,381170,"TIGER 미국테크TOP10 INDXX",30450,85,0.28,30245,-12.4045,786718,3756000000000
2026-08-28,233740,"KODEX 코스닥150레버리지",7440,335,4.71,7451,-56.9264,68132207,3689500000000
2026-08-28,423160,"KODEX KOFR금리액티브(합성)",110880,15,0.01,110872,0.6612,79057,3558900000000
2026-08-28,357870,"TIGER CD금리투자KIS(합성)",57970,10,0.02,57971,0.7386,279208,3552700000000
2026-08-28,395270,"HANARO Fn K-반도체",56095,1025,1.86,56314,-18.1359,752277,3548000000000
2026-08-28,367380,"ACE 미국나스닥100",30880,160,0.52,30714,-9.7127,616812,3458600000000
2026-08-28,102780,"KODEX 삼성그룹",26670,555,2.13,26709,-10.9463,392453,3451100000000
2026-08-28,273130,"KODEX 종합채권(AA-이상)액티브",110370,350,0.32,110149,-0.9097,14348,3367100000000
2026-08-28,487240,"KODEX AI전력핵심설비",38030,3250,9.34,38105,-36.2477,5455544,3331400000000
2026-08-28,0043B0,"TIGER 머니마켓액티브",103485,20,0.02,103488,0.8873,171814,3284700000000
2026-08-28,455890,"RISE 머니마켓액티브",55455,15,0.03,55458,0.8,97809,3119700000000
2026-08-28,139260,"TIGER 200 IT",136730,2950,2.21,137289,-18.0847,183766,2745500000000
2026-08-28,481050,"KODEX CD1년금리플러스액티브(합성)",1024095,240,0.02,1023931,0.769,42515,2537400000000
2026-08-28,472150,"TIGER 배당커버드콜액티브",20940,300,1.45,20917,-13.3891,6166883,2507800000000
2026-08-28,426030,"TIME 미국나스닥100액티브",45955,1025,2.28,45098,-19.4803,962827,2483400000000
2026-08-28,0193T0,"KODEX SK하이닉스단일종목레버리지",10540,450,4.46,10597,,25575533,2426600000000
2026-08-28,161510,"PLUS 고배당주",25325,-80,-0.31,25339,-5.2578,512339,2419000000000
2026-08-28,449170,"TIGER KOFR금리액티브(합성)",111705,20,0.02,111695,0.6488,42382,2405600000000
2026-08-28,486290,"TIGER 미국나스닥100타겟데일리커버드콜",10620,80,0.76,10533,-10.0615,6794957,2387400000000
2026-08-28,278540,"KODEX MSCI Korea TR",38755,375,0.98,38915,-14.3973,21235,2375700000000
2026-08-28,456600,"TIME 글로벌AI인공지능액티브",57865,1335,2.36,57159,-14.3161,294288,2120200000000
2026-08-28,292150,"TIGER 코리아TOP10",38100,230,0.61,38336,-14.003,392618,2057400000000
2026-08-28,284430,"KODEX 200미국채혼합50",21060,115,0.55,21064,-10.1832,376790,2057100000000
2026-08-28,385540,"RISE 종합채권(A-이상)액티브",103310,290,0.28,103390,-0.8709,819,1915200000000
2026-08-28,214980,"KODEX 단기채권PLUS",114575,0,0,114615,0.6525,17043,1829600000000
2026-08-28,294400,"KIWOOM 200TR",143370,1970,1.39,143696,-14.827,72819,1828000000000
2026-08-28,105190,"ACE 200",109385,1505,1.4,109676,-15.0968,114586,1750200000000
2026-08-28,305720,"KODEX 2차전지산업",15135,835,5.84,15186,-27.7596,3766246,1748100000000
2026-08-28,442580,"PLUS 글로벌HBM반도체",101310,2410,2.44,100025,-7.475,509557,1733400000000
2026-08-28,441640,"KODEX 미국배당커버드콜액티브",12795,-20,-0.16,12751,-2.5455,730855,1699200000000
2026-08-28,477080,"RISE CD금리액티브(합성)",107430,25,0.02,107430,0.7126,2266,1666600000000
2026-08-28,0193W0,"KODEX 삼성전자단일종목레버리지",12295,300,2.5,12419,,9045650,1575000000000
2026-08-28,446770,"ACE 글로벌반도체TOP4 Plus",77550,1320,1.73,76128,-12.646,63040,1566500000000
2026-08-28,368590,"RISE 미국나스닥100",29950,160,0.54,29795,-9.6861,339304,1542400000000
2026-08-28,329200,"TIGER 리츠부동산인프라",4075,-25,-0.61,4098,-2.8689,5894880,1540400000000
2026-08-28,0177N0,"KODEX 삼성전자SK하이닉스채권혼합50",14260,130,0.92,14294,-4.0892,4502759,1537200000000
2026-08-28,453850,"ACE 미국30년국채액티브(H)",7245,20,0.28,7249,-1.3753,634991,1521500000000
2026-08-28,152100,"PLUS 200",110815,1540,1.41,111101,-14.9164,261597,1512600000000
2026-08-28,466920,"SOL 조선TOP3플러스",28465,400,1.43,28503,-31.8811,568627,1508600000000
2026-08-28,487230,"KODEX 미국AI전력핵심인프라",19885,740,3.87,19404,-27.2332,883068,1499300000000
2026-08-28,379780,"RISE 미국S&P500",23045,30,0.13,22974,-5.926,354503,1488700000000
2026-08-28,0195S0,"TIGER SK하이닉스단일종목레버리지",8910,365,4.27,8981,,15184575,1465900000000
2026-08-28,226490,"KODEX 코스피",70750,850,1.22,71052,-15.5669,118564,1429200000000
2026-08-28,475630,"TIGER CD1년금리액티브(합성)",1075610,255,0.02,1075608,0.7721,38326,1422800000000
2026-08-28,232080,"TIGER 코스닥150",14785,305,2.11,14790,-28.9674,7035929,1384800000000
2026-08-28,091230,"TIGER 반도체",134490,2705,2.05,135206,-21.8531,122264,1363700000000
2026-08-28,436140,"SOL 종합채권(AA-이상)액티브",106470,85,0.08,106544,-0.7649,613,1350800000000
2026-08-28,448330,"KODEX 삼성전자채권혼합",17450,35,0.2,17511,-0.9833,572115,1279100000000
2026-08-28,0072R0,"TIGER KRX금현물",13695,-195,-1.4,13716,-3.5417,1238898,1271600000000
2026-08-28,157450,"TIGER 단기통안채",112515,30,0.03,112514,0.6217,69242,1262600000000
2026-08-28,390390,"KODEX 미국반도체",53225,895,1.71,52203,-13.2388,374408,1261400000000
2026-08-28,438080,"ACE 미국S&P500미국채혼합50액티브",14090,-10,-0.07,14060,-6.4677,284984,1234300000000
2026-08-28,0183J0,"TIGER 미국우주테크",7755,-15,-0.19,7673,-53.75,1015472,1135700000000
2026-08-28,469150,"ACE AI반도체TOP3+",58100,1015,1.78,58273,-25.7818,424549,1133000000000
2026-08-28,449450,"PLUS K방산",55730,2075,3.87,55795,-27.1685,216942,1088400000000
2026-08-28,494890,"KODEX 200액티브",31520,455,1.46,31565,-15.0626,82665,1087400000000
2026-08-28,497570,"TIGER 미국필라델피아AI반도체나스닥",21535,345,1.63,21113,-11.3087,713662,1086400000000
2026-08-28,0139F0,"TIGER 12월자동연장금융채(AA-이상)액티브",102110,35,0.03,102103,0.7451,6,1080100000000
2026-08-28,445290,"KODEX 로봇액티브",30925,175,0.57,30941,-26.0177,377640,1077700000000
2026-08-28,0117V0,"TIGER 코리아AI전력기기TOP3플러스",19995,1895,10.47,20011,-34.4278,3933377,1064700000000
2026-08-28,446720,"SOL 미국배당다우존스",14045,-65,-0.46,14043,-1.4635,246517,1059000000000
2026-08-28,465580,"ACE 미국빅테크TOP7 Plus",24040,55,0.23,23929,-8.033,568907,1046900000000
2026-08-28,455850,"SOL AI반도체소부장",24575,685,2.87,24622,-27.8902,1287684,1039500000000
2026-08-28,356540,"ACE 종합채권(AA-이상)액티브",101650,310,0.31,101682,-0.7201,161,1033700000000
2026-08-28,479520,"RISE KOFR금리액티브(합성)",106340,30,0.03,106320,0.6628,3549,1032200000000
2026-08-28,451540,"TIGER 종합채권(AA-이상)액티브",53050,185,0.35,53063,-0.9834,5040,1021500000000
2026-08-28,449180,"KODEX 미국S&P500(H)",17190,80,0.47,17131,1.6068,351368,1021100000000
2026-08-28,479080,"1Q 머니마켓액티브",53740,10,0.02,53744,0.8445,21256,1020000000000
2026-08-28,469830,"SOL 초단기채권액티브",54355,15,0.03,54360,0.835,155236,1010800000000
2026-08-28,295040,"SOL 200TR",40965,600,1.49,41038,-14.8688,57554,1007700000000
2026-08-28,494300,"KODEX 미국나스닥100데일리커버드콜OTM",9150,45,0.49,9102,-14.7013,1384260,1003800000000
2026-08-28,494310,"KODEX 반도체레버리지",77825,3245,4.35,78623,-55.4028,3126965,992300000000
2026-08-28,237350,"KODEX 코스피100",87290,1290,1.5,87354,-15.2129,170532,990700000000
2026-08-28,402970,"ACE 미국배당다우존스",15575,-65,-0.42,15567,-1.5341,232178,981200000000
2026-08-28,315930,"KODEX Top5PlusTR",80685,620,0.77,80799,-14.906,13266,976300000000
2026-08-28,495050,"RISE 코리아밸류업",32440,245,0.76,32545,-14.4917,58129,965100000000
2026-08-28,305540,"TIGER 2차전지테마",19010,990,5.49,19077,-26.1778,640061,945700000000
2026-08-28,0195R0,"TIGER 삼성전자단일종목레버리지",11195,300,2.75,11308,,6001345,938100000000
2026-08-28,438100,"ACE 미국나스닥100미국채혼합50액티브",15185,10,0.07,15158,-8.2528,158020,932400000000
2026-08-28,0117L0,"KODEX 26-12 금융채(AA-이상)액티브",10155,0,0,10154,0.6442,5186,922400000000
2026-08-28,487340,"ACE 머니마켓액티브",105820,30,0.03,105822,0.8628,20153,878800000000
2026-08-28,498410,"KODEX 금융고배당TOP10타겟위클리커버드콜",11875,55,0.47,11854,0.7919,1476104,857400000000
2026-08-28,475720,"RISE 200위클리커버드콜",12990,185,1.44,12973,-13.2899,913163,846900000000
2026-08-28,144600,"KODEX 은선물(H)",11165,-5,-0.04,11152,-11.0315,662043,822900000000
2026-08-28,0048J0,"KODEX 미국머니마켓액티브",13825,-40,-0.29,13825,-7.0666,491365,817300000000
2026-08-28,0177R0,"TIGER 반도체TOP10커버드콜액티브",11185,225,2.05,11231,-21.8885,1963056,803100000000
2026-08-28,466940,"TIGER 은행고배당플러스TOP10",26430,205,0.78,26443,3.9244,641384,795500000000
2026-08-28,441800,"TIME Korea플러스배당액티브",29000,80,0.28,29062,-18.6588,234826,794600000000
2026-08-28,153130,"KODEX 단기채권",113275,25,0.02,113271,0.6201,3333,792100000000
2026-08-28,490590,"RISE 미국AI밸류체인데일리고정커버드콜",14385,240,1.7,14210,-10.8657,528018,785400000000
2026-08-28,476550,"TIGER 미국30년국채커버드콜액티브(H)",6895,5,0.07,6899,-1.4597,955907,785300000000
2026-08-28,0025N0,"TIGER TDF2045 적격",12060,0,0,12021,-4.777,163650,782100000000
2026-08-28,462330,"KODEX 2차전지산업레버리지",1102,109,10.98,1112,-54.5538,104016099,777900000000
2026-08-28,481060,"KODEX 미국30년국채타겟커버드콜(합성 H)",7475,5,0.07,7494,-0.3971,217721,771000000000
2026-08-28,457480,"ACE 테슬라밸류체인액티브",18550,-45,-0.24,18484,-24.7166,162841,765200000000
2026-08-28,069660,"KIWOOM 200",109140,1415,1.31,109387,-14.7583,56995,758500000000
2026-08-28,371460,"TIGER 차이나전기차SOLACTIVE",10325,-170,-1.62,10463,-24.1965,116176,747900000000
2026-08-28,272580,"TIGER 단기채권액티브",57080,15,0.03,57077,0.697,19843,745800000000
2026-08-28,434730,"HANARO 원자력iSelect",62640,2715,4.53,62656,-26.0824,272001,739200000000
2026-08-28,114800,"KODEX 인버스",1009,-15,-1.46,1008,-1.0629,574701688,721400000000
2026-08-28,0061Z0,"RISE 단기특수은행채액티브",50990,20,0.04,50982,0.7312,1291,719600000000
2026-08-28,458760,"TIGER 미국배당다우존스타겟커버드콜2호",11285,-55,-0.49,11270,-1.1773,322964,719400000000
2026-08-28,252670,"KODEX 200선물인버스2X",75,-2,-2.6,75,-19.7917,5976096557,716900000000
2026-08-28,364980,"TIGER 2차전지TOP10",10675,685,6.86,10667,-22.3777,4920706,712000000000
2026-08-28,0219E0,"KODEX 200커버드콜액티브",8640,150,1.77,8616,,6751076,711900000000
2026-08-28,102970,"KODEX 증권",18515,-5,-0.03,18592,-32.2166,680656,711900000000
2026-08-28,495850,"KODEX 코리아밸류업",32220,435,1.37,32330,-15.2741,82048,684700000000
2026-08-28,367760,"RISE 네트워크인프라",58500,1345,2.35,58744,-23.6356,155515,684500000000
2026-08-28,0127P0,"ACE 미국대형성장주액티브",10530,35,0.33,10476,-9.3183,33684,683400000000
2026-08-28,0167B0,"SOL 200타겟위클리커버드콜",12065,190,1.6,12044,-14.9462,1115525,682900000000
2026-08-28,456610,"TIGER 미국달러SOFR금리액티브(합성)",59930,-150,-0.25,59929,-6.9393,20614,680200000000
2026-08-28,290130,"RISE ESG사회책임투자",47415,615,1.31,47443,-14.5206,96521,668600000000
2026-08-28,138540,"TIGER 현대차그룹플러스",51065,-735,-1.42,51144,-28.3045,120454,666900000000
2026-08-28,329750,"TIGER 미국달러단기채권액티브",13055,-30,-0.23,13051,-7.2644,123344,653900000000
2026-08-28,314250,"KODEX 미국빅테크10(H)",61840,410,0.67,61688,4.603,28641,652400000000
2026-08-28,482730,"TIGER 미국S&P500타겟데일리커버드콜",11925,15,0.13,11888,-6.1717,361816,651700000000
2026-08-28,0101N0,"RISE AI전력인프라",20645,1425,7.41,20689,-28.8544,451731,650300000000
2026-08-28,418660,"TIGER 미국나스닥100레버리지(합성)",39735,385,0.98,39318,-20.5452,264846,639700000000
2026-08-28,434060,"KODEX TDF2050액티브 적격",16885,15,0.09,16823,-8.2331,84764,634000000000
2026-08-28,491010,"TIGER 글로벌AI전력인프라액티브",25110,620,2.53,24735,-28.35,68257,632300000000
2026-08-28,0148J0,"TIGER 코리아휴머노이드로봇산업",9285,190,2.09,9265,-32.3037,3608713,631400000000
2026-08-28,489250,"KODEX 미국배당다우존스",13190,-35,-0.26,13175,-1.5909,541009,617300000000
2026-08-28,0091P0,"TIGER 코리아원자력",18010,80,0.45,18026,-21.3769,4248362,608700000000
2026-08-28,385560,"RISE KIS국고채30년Enhanced",52470,795,1.54,52576,-9.5009,18793,605600000000
2026-08-28,484790,"KODEX 미국30년국채액티브(H)",8335,5,0.06,8343,-1.2557,263570,603500000000
2026-08-28,251600,"PLUS 고배당주채권혼합",15510,-15,-0.1,15520,-1.6053,133114,598700000000
2026-08-28,488080,"TIGER 반도체TOP10레버리지",33500,1115,3.44,33822,-63.5653,5655127,594600000000
2026-08-28,277630,"TIGER 코스피",71885,845,1.19,72104,-15.4589,50518,593100000000
2026-08-28,0015B0,"KoAct 미국나스닥성장기업액티브",18365,565,3.17,17966,-24.7199,449277,590400000000
2026-08-28,423920,"TIGER 미국필라델피아반도체레버리지(합성)",82955,3090,3.87,79934,-36.0549,294065,582300000000
2026-08-28,494670,"TIGER 조선TOP10",22515,245,1.1,22557,-31.1486,233333,579800000000
2026-08-28,396520,"TIGER 차이나반도체FACTSET",13930,385,2.84,14057,-21.1125,1066669,574500000000
2026-08-28,371160,"TIGER 차이나항셍테크",6995,-50,-0.71,6987,-13.5414,519743,573200000000
2026-08-28,466950,"TIGER 글로벌AI액티브",30500,670,2.25,30218,-23.5717,244073,571600000000
2026-08-28,0019K0,"TIME 미국나스닥100채권혼합50액티브",13250,125,0.95,13151,-8.377,234546,566400000000
2026-08-28,449190,"KODEX 미국나스닥100(H)",22095,155,0.71,21995,-2.4136,157742,564500000000
2026-08-28,477050,"PLUS 머니마켓액티브",53500,10,0.02,53506,0.8579,50845,559700000000
2026-08-28,491620,"RISE 미국테크100데일리고정커버드콜",10685,90,0.85,10565,-9.3704,838565,552900000000
2026-08-28,462010,"TIGER 2차전지소재Fn",5080,290,6.05,5082,-35.6183,5860671,550700000000
2026-08-28,0007F0,"KODEX 27-12 회사채(AA-이상)액티브",10195,5,0.05,10189,0.5426,37671,548600000000
2026-08-28,463250,"TIGER K방산&우주",35870,1390,4.03,35979,-25.6577,200884,543400000000
2026-08-28,0105E0,"SOL 코리아고배당",12990,-70,-0.54,13008,-5.1934,199059,540400000000
2026-08-28,438330,"TIGER 우량회사채액티브",115840,155,0.13,115899,0.6437,4252,533300000000
2026-08-28,455030,"KODEX 미국달러SOFR금리액티브(합성)",11885,-45,-0.38,11871,-6.9745,92902,531300000000
2026-08-28,365780,"ACE 국고채10년",82985,260,0.31,83007,-0.5829,3206,528300000000
2026-08-28,444200,"SOL 코리아메가테크액티브",46510,930,2.04,46430,-22.4171,43667,527900000000
2026-08-28,496080,"TIGER 코리아밸류업",32310,335,1.05,32415,-14.8054,83788,518600000000
2026-08-28,315960,"RISE 대형고배당10TR",77805,165,0.21,78143,-15.3188,71858,513500000000
2026-08-28,251350,"KODEX MSCI선진국",39385,15,0.04,39229,-5.5779,24243,504100000000
2026-08-28,0190C0,"RISE 현대차고정피지컬AI",8345,-85,-1.01,8365,-33.9342,1171332,503600000000
2026-08-28,435420,"TIGER 미국나스닥100채권혼합50",14030,5,0.04,14010,-4.4146,114623,500200000000
2026-08-28,361580,"RISE 200TR",62050,750,1.22,62210,-14.8671,77904,490200000000
2026-08-28,114260,"KODEX 국고채3년",61985,115,0.19,61972,0.6261,43222,488700000000
2026-08-28,476800,"KODEX 한국부동산리츠인프라",4220,-40,-0.94,4257,-5.0445,521053,483600000000
2026-08-28,490490,"SOL 미국배당미국채혼합50",11245,-75,-0.66,11227,-4.1428,154205,482400000000
2026-08-28,499660,"TIGER CD금리플러스액티브(합성)",1002580,250,0.02,1002576,0.7664,15533,480400000000
2026-08-28,471230,"KODEX 국고채10년액티브",104445,235,0.23,104513,-0.563,21304,473000000000
2026-08-28,243880,"TIGER 200IT레버리지",329495,14300,4.54,332330,-50.5964,120686,469500000000
2026-08-28,0163Y0,"KoAct 코스닥액티브",9050,140,1.57,9077,-33.1834,399717,464700000000
2026-08-28,448290,"TIGER 미국S&P500(H)",17820,70,0.39,17763,1.5192,92382,461500000000
2026-08-28,483280,"KODEX 미국AI테크TOP10타겟커버드콜",11640,40,0.34,11531,-12.0923,191133,459800000000
2026-08-28,451000,"PLUS 종합채권(AA-이상)액티브",107510,140,0.13,107555,-0.7992,327,451200000000
2026-08-28,473290,"KODEX 26-12 회사채(AA-이상)액티브",10885,10,0.09,10880,0.6758,20968,450400000000
2026-08-28,293180,"HANARO 200",109390,1245,1.15,109725,-14.6626,20574,443000000000
2026-08-28,451060,"1Q 200액티브",34970,460,1.33,35062,-15.4109,173356,440600000000
2026-08-28,447770,"TIGER 테슬라채권혼합Fn",13695,-45,-0.33,13713,-7.0534,61819,436900000000
2026-08-28,148070,"KIWOOM 국고채10년",105185,340,0.32,105214,-0.5219,20964,426000000000
2026-08-28,0016X0,"SOL 중단기회사채(A-이상)액티브",51515,30,0.06,51519,0.8323,1118,425300000000
2026-08-28,474220,"TIGER 미국테크TOP10타겟커버드콜",14780,40,0.27,14685,-10.0278,114966,414600000000
2026-08-28,0173Y0,"KODEX 미국AI광통신네트워크",11660,690,6.29,11414,-28.7057,1313805,413900000000
2026-08-28,480260,"TIGER 27-04회사채(A+이상)액티브",53810,10,0.02,53813,0.6359,51292,405400000000
2026-08-28,0023A0,"SOL 미국양자컴퓨팅TOP10",24105,-380,-1.55,23664,-36.3034,124511,405000000000
2026-08-28,0162M0,"KODEX 금융채1~2년(AA-이상)PLUS액티브",10085,20,0.2,10071,0.7003,42785,404300000000
2026-08-28,471990,"KODEX AI반도체핵심장비",24460,685,2.88,24508,-27.526,882438,402400000000
2026-08-28,385720,"TIME 코스피액티브",25730,385,1.52,25898,-18.2288,60138,398800000000
2026-08-28,0060H0,"TIGER 토탈월드스탁액티브",12790,35,0.27,12774,-6.3268,87924,397800000000
2026-08-28,426020,"TIME 미국S&P500액티브",31900,165,0.52,31671,-9.7027,65690,396200000000
2026-08-28,091180,"KODEX 자동차",27835,-770,-2.69,27893,-26.4066,379730,395300000000
2026-08-28,241180,"TIGER 일본니케이225",34485,-310,-0.89,34595,-6.023,54227,392400000000
2026-08-28,462900,"KoAct 바이오헬스케어액티브",14745,130,0.89,14727,-23.7014,714797,390700000000
2026-08-28,458250,"TIGER 미국30년국채스트립액티브(합성 H)",35070,275,0.79,35142,-3.7084,30719,390000000000
2026-08-28,302450,"RISE 코스피",71360,735,1.04,71640,-15.5728,1689,385300000000
2026-08-28,132030,"KODEX 골드선물(H)",25865,-115,-0.44,25827,1.326,171907,380200000000
2026-08-28,484880,"SOL 금융지주플러스고배당",22435,160,0.72,22443,4.2087,255086,379200000000
2026-08-28,469070,"RISE AI&로봇",11230,25,0.22,11250,-28.6761,344706,376200000000
2026-08-28,0040Y0,"SOL 팔란티어커버드콜OTM채권혼합",8450,180,2.18,8225,-0.0575,634979,372200000000
2026-08-28,496020,"WON 전단채플러스액티브",52440,15,0.03,52448,0.8852,2402,371600000000
2026-08-28,0131V0,"1Q 미국우주항공테크",11440,90,0.79,11376,-28.8402,130598,371200000000
2026-08-28,0080G0,"KODEX 방산TOP10",10900,480,4.61,10899,-25.9248,1543829,368400000000
2026-08-28,439860,"KODEX ESG종합채권(A-이상)액티브",113555,-255,-0.22,113795,0.4944,106,368100000000
2026-08-28,476760,"ACE 미국30년국채액티브",9045,0,0,9032,-9.0535,270760,364500000000
2026-08-28,310960,"TIGER 200TR",63755,840,1.34,63928,-14.9108,30759,363400000000
2026-08-28,0043Y0,"TIME 차이나AI테크액티브",20300,225,1.12,20347,-17.8937,114282,359300000000
2026-08-28,439870,"KODEX 국고채30년액티브",88260,1215,1.4,88048,-7.4236,6879,355200000000
2026-08-28,0167Z0,"KODEX 미국우주항공",7775,-55,-0.7,7711,-45.7937,511637,353000000000
2026-08-28,0046A0,"TIGER 미국초단기(3개월이하)국채",9565,-25,-0.26,9568,-7.2952,458823,347200000000
2026-08-28,0144L0,"KODEX 미국성장커버드콜액티브",9570,25,0.26,9515,-9.7067,141103,346400000000
2026-08-28,453810,"KODEX 인도Nifty50",11735,-135,-1.14,11775,-6.3683,114425,346200000000
2026-08-28,448300,"TIGER 미국나스닥100(H)",22840,185,0.82,22714,-2.4023,60211,346000000000
2026-08-28,385550,"RISE 단기채권알파액티브",114115,50,0.04,114104,0.6929,881,345500000000
2026-08-28,279530,"KODEX 고배당주",17690,-60,-0.34,17696,-1.9941,183860,345000000000
2026-08-28,474590,"WON 반도체밸류체인액티브",43535,985,2.31,43724,-15.7926,36138,343900000000
2026-08-28,442570,"RISE TDF2050액티브 적격",17510,20,0.11,17380,-6.1695,118331,340600000000
2026-08-28,385510,"KODEX 신재생에너지액티브",40495,1670,4.3,40498,-28.8659,132852,340200000000
2026-08-28,0052D0,"TIGER 코리아배당다우존스",15405,-175,-1.12,15500,-4.7481,105406,338900000000
2026-08-28,0182R0,"1Q K반도체TOP2+",10455,220,2.15,10498,-30.0411,2151339,338200000000
2026-08-28,0228G0,"ACE 반도체Plus전략산업",10375,160,1.57,10387,,669562,337200000000
2026-08-28,0026S0,"1Q 미국S&P500",12895,20,0.16,12858,-6.1214,122246,336600000000
2026-08-28,456880,"ACE 미국달러SOFR금리(합성)",12130,-35,-0.29,12135,-7.031,54634,334500000000
2026-08-28,472170,"TIGER 미국테크TOP10채권혼합",13835,20,0.14,13802,-5.9565,191693,334100000000
2026-08-28,270810,"RISE 코스닥150",14455,315,2.23,14433,-28.8017,322033,330700000000
2026-08-28,448630,"RISE 삼성그룹Top3채권혼합",15475,85,0.55,15541,-0.2593,141207,329600000000
2026-08-28,0052S0,"1Q 미국S&P500미국채혼합50액티브",11580,-20,-0.17,11559,-6.5821,77220,324200000000
2026-08-28,0119H0,"KODEX 28-12 회사채(AA-이상)액티브",9945,10,0.1,9933,0.6585,16546,320400000000
2026-08-28,0210A0,"ACE K반도체TOP2+",7180,195,2.79,7189,,2330868,315200000000
2026-08-28,489030,"PLUS 고배당주위클리커버드콜",6600,0,0,6570,-6.9318,788976,305300000000
2026-08-28,0111P0,"1Q 미국나스닥100미국채혼합50액티브",10770,5,0.05,10743,-8.5624,63137,303700000000
2026-08-28,190620,"ACE 단기통안채",101975,20,0.02,101971,0.6714,65948,302300000000
2026-08-28,433330,"SOL 미국S&P500",22030,25,0.11,21967,-5.9388,51534,299600000000
2026-08-28,0008S0,"TIGER 미국배당다우존스타겟데일리커버드콜",10180,-50,-0.49,10168,-1.4602,331680,297300000000
2026-08-28,485540,"KODEX 미국AI테크TOP10",14925,50,0.34,14780,-12.0984,524369,297000000000
2026-08-28,307520,"TIGER 지주회사",22325,75,0.34,22312,-16.9503,322349,296900000000
2026-08-28,136340,"RISE 중기우량회사채",104420,90,0.09,104549,0.5148,21248,295700000000
2026-08-28,483320,"ACE 엔비디아밸류체인액티브",24395,535,2.24,24021,-14.801,1370679,295200000000
2026-08-28,0098F0,"KODEX 원자력SMR",16780,25,0.15,16781,-19.8134,1156773,292000000000
2026-08-28,454780,"KIWOOM 종합채권(AA-이상)액티브",99770,110,0.11,99979,-1.0574,22,290800000000
2026-08-28,475080,"KODEX 테슬라커버드콜채권혼합액티브",7935,-25,-0.31,7900,-5.6906,187566,289200000000
2026-08-28,453870,"TIGER 인도니프티50",11545,-150,-1.28,11545,-7.0205,23562,288000000000
2026-08-28,461490,"RISE 글로벌자산배분액티브",14820,-5,-0.03,14812,-2.5953,47804,286000000000
2026-08-28,475300,"SOL 반도체전공정",21650,590,2.8,21716,-20.7377,836293,285800000000
2026-08-28,441680,"TIGER 미국나스닥100커버드콜(합성)",10845,30,0.28,10821,-4.9732,43390,285200000000
2026-08-28,091170,"KODEX 은행",16145,85,0.53,16171,6.9968,869401,284200000000
2026-08-28,473330,"SOL 미국30년국채커버드콜(합성)",8135,5,0.06,8120,-8.8214,329439,283900000000
2026-08-28,0038A0,"KODEX 미국휴머노이드로봇",14820,80,0.54,14666,-20.9538,63655,282300000000
2026-08-28,273140,"KODEX 단기변동금리부채권액티브",114640,25,0.02,114647,0.5904,5938,279800000000
2026-08-28,364970,"TIGER 바이오TOP10",7680,-25,-0.32,7689,0.4563,886835,278800000000
2026-08-28,0094K0,"TIGER 28-04 회사채(A+이상)액티브",99785,95,0.1,99811,0.6969,27108,278700000000
2026-08-28,481190,"SOL 미국테크TOP10",16530,45,0.27,16419,-12.1971,741670,277700000000
2026-08-28,471780,"TIGER 코리아테크액티브",35530,1115,3.24,35614,-21.9172,108635,273200000000
2026-08-28,213610,"KODEX 삼성그룹밸류",22845,335,1.49,22931,-8.0474,76711,271900000000
2026-08-28,497880,"SOL CD금리&머니마켓액티브",50175,15,0.03,50171,0.8624,135383,268600000000
2026-08-28,123320,"TIGER 레버리지",111125,2800,2.58,111460,-39.9862,125078,266700000000
2026-08-28,139230,"TIGER 200 중공업",13570,400,3.04,13620,-29.5297,244313,265700000000
2026-08-28,0162Y0,"TIME 코스닥액티브",7565,185,2.51,7604,-37.4577,305158,263600000000
2026-08-28,0053L0,"TIGER 차이나휴머노이드로봇",9725,15,0.15,9754,-31.4339,445581,260100000000
2026-08-28,421320,"PLUS 우주항공",27950,850,3.14,28115,-44.2043,54937,258500000000
2026-08-28,471040,"KoAct 글로벌AI&로봇액티브",28460,895,3.25,28034,-24.2096,18438,257600000000
2026-08-28,196230,"RISE 단기통안채",116905,30,0.03,116915,0.5982,406,257400000000
2026-08-28,283580,"KODEX 차이나CSI300",15355,65,0.43,15390,-12.3889,59934,255700000000
2026-08-28,423170,"SOL 글로벌AI반도체탑픽액티브",57210,890,1.58,56690,-11.6064,11229,255200000000
2026-08-28,409820,"KODEX 미국나스닥100레버리지(합성 H)",19835,310,1.59,19620,-6.6906,108310,253900000000
2026-08-28,478150,"TIME 글로벌우주테크&방산액티브",19885,185,0.94,19828,-19.9675,26279,253500000000
2026-08-28,472920,"HK 종합채권(AA-이상)액티브",98190,-5,-0.01,98387,-0.8182,6,253200000000
2026-08-28,495230,"KoAct 코리아밸류업액티브",31275,555,1.81,31357,-18.6319,60259,251800000000
2026-08-28,0183V0,"KIWOOM 삼성전자&SK하이닉스채권혼합50",11815,85,0.72,11860,-3.9308,632110,250500000000
2026-08-28,228790,"TIGER 화장품",4745,-95,-1.96,4751,31.8801,7284768,250300000000
2026-08-28,483340,"ACE 구글밸류체인액티브",22070,400,1.85,21760,-20.3748,172338,249400000000
2026-08-28,245710,"ACE 베트남VN30(합성)",29075,345,1.2,29403,-10.4706,28044,244200000000
2026-08-28,388420,"RISE 비메모리반도체액티브",27110,685,2.59,27187,-29.4904,83038,241800000000
2026-08-28,261260,"KODEX 미국달러선물인버스2X",5350,45,0.85,5346,17.1081,257923,239600000000
2026-08-28,363570,"KODEX 장기종합채권(AA-이상)액티브",87110,525,0.61,86963,-2.8881,81,238200000000
2026-08-28,363580,"KODEX 200IT TR",55330,1125,2.08,55533,-16.2664,99396,237900000000
2026-08-28,493810,"TIGER 미국AI빅테크10타겟데일리커버드콜",11275,25,0.22,11197,-10.5412,135000,235600000000
2026-08-28,442320,"RISE 글로벌원자력",37380,940,2.58,37278,-21.885,25272,235100000000
2026-08-28,0182S0,"1Q K반도체TOP2채권혼합50",12500,115,0.93,12494,-5.6022,239999,235000000000
2026-08-28,329650,"KODEX TRF3070",14130,-15,-0.11,14166,-2.171,29688,233100000000
2026-08-28,448540,"ACE 엔비디아채권혼합",26465,200,0.76,26089,-2.5056,44163,232900000000
2026-08-28,452360,"SOL 미국배당다우존스(H)",13720,-10,-0.07,13705,6.5577,112553,231900000000
2026-08-28,157500,"TIGER 증권",12600,-50,-0.4,12648,-31.4078,314542,231800000000
2026-08-28,437080,"KODEX 미국종합채권ESG액티브(H)",97520,45,0.05,97561,-0.5164,4674,229700000000
2026-08-28,0092C0,"SOL 27-12 회사채(AA-이상)액티브",50270,25,0.05,50273,0.6611,104,228700000000
2026-08-28,472160,"TIGER 미국테크TOP10 INDXX(H)",18555,110,0.6,18429,-5.5072,704975,227300000000
2026-08-28,0089D0,"KODEX 금융고배당TOP10",13330,30,0.23,13372,1.7852,205542,225300000000
2026-08-28,458260,"TIGER 미국투자등급회사채액티브(H)",46700,60,0.13,46667,-0.9458,5709,225100000000
2026-08-28,433500,"ACE 원자력TOP10",59205,-60,-0.1,59442,-25.4341,114146,225000000000
2026-08-28,463050,"TIME K바이오액티브",13175,-115,-0.87,13199,-19.5764,292195,224000000000
2026-08-28,422420,"RISE 2차전지액티브",6920,380,5.81,6937,-34.6328,364326,223400000000
2026-08-28,244580,"KODEX 바이오",8605,-30,-0.35,8604,-24.2544,465204,222400000000
2026-08-28,486450,"SOL 미국AI전력인프라",19880,40,0.2,19706,-21.9973,259965,221700000000
2026-08-28,488980,"SOL 26-12 회사채(AA-이상)액티브",52110,15,0.03,52113,0.725,132,220500000000
2026-08-28,414780,"TIGER 차이나과창판STAR50(합성)",14165,375,2.72,14332,-18.1846,77547,220300000000
2026-08-28,0104N0,"TIGER 200타겟위클리커버드콜",21145,355,1.71,21137,-14.6633,68912,219900000000
2026-08-28,0094M0,"RISE 코리아밸류업위클리고정커버드콜",17970,210,1.18,17923,-11.8172,486240,219200000000
2026-08-28,498270,"KIWOOM 미국양자컴퓨팅",14655,15,0.1,14447,-20.5495,28141,218400000000
2026-08-28,305080,"TIGER 미국채10년선물",12320,-45,-0.36,12328,-8.3396,56404,218100000000
2026-08-28,267770,"TIGER 200선물레버리지",84365,2270,2.77,84769,-40.7877,91877,210900000000
2026-08-28,0233J0,"TIGER 삼성전자SK하이닉스미국채혼합50",10515,95,0.91,10522,,902135,210300000000
2026-08-28,266160,"RISE 고배당",33020,210,0.64,33028,-11.267,27214,209700000000
2026-08-28,332930,"HANARO 200TR",143355,1915,1.35,143666,-14.8132,2612,207900000000
2026-08-28,466930,"SOL 자동차TOP3플러스",25330,-545,-2.11,25398,-26.4706,172507,207700000000
2026-08-28,490090,"TIGER 미국AI빅테크10",15685,20,0.13,15588,-10.0489,192537,206300000000
2026-08-28,0204D0,"KODEX 현대차로보틱스밸류체인TOP3플러스",6290,-175,-2.71,6266,,1491088,205100000000
2026-08-28,117700,"KODEX 건설",7220,90,1.26,7216,-15.8748,4970634,205000000000
2026-08-28,0115D0,"KODEX 조선TOP10",7890,105,1.35,7905,-30.9535,1130710,204000000000
2026-08-28,495060,"TIME 코리아밸류업액티브",28535,205,0.72,28740,-22.0848,87173,202600000000
2026-08-28,0005A0,"KODEX 미국S&P500데일리커버드콜OTM",9555,10,0.1,9505,-6.5447,244289,198700000000
2026-08-28,0047A0,"TIGER 차이나테크TOP10",13090,-55,-0.42,13130,-15.6291,32969,198300000000
2026-08-28,0151S0,"KODEX 미국AI반도체TOP3플러스",14625,245,1.7,14308,-16.9403,364257,198200000000
2026-08-28,394670,"TIGER 글로벌리튬&2차전지SOLACTIVE(합성)",11630,-25,-0.21,11749,-17.1348,14464,195800000000
2026-08-28,302190,"TIGER 중장기국채",50300,100,0.2,50300,0.0897,5909,194200000000
2026-08-28,429000,"TIGER 미국S&P500배당귀족",13745,0,0,13723,0.3859,34959,193800000000
2026-08-28,480040,"ACE 미국반도체데일리타겟커버드콜(합성)",14650,280,1.95,14396,-20.628,99914,193400000000
2026-08-28,495550,"SOL 코리아밸류업TR",33010,350,1.07,33064,-15.0144,20529,193100000000
2026-08-28,0192Z0,"TIGER 중기종합채권(A-이상)액티브",0,101020,100,101078,0.8032,0,192900000000
2026-08-28,0069M0,"1Q 미국나스닥100",13440,70,0.52,13370,-9.7515,69237,192200000000
2026-08-28,0091C0,"KODEX 미국10년국채액티브(H)",9620,-5,-0.05,9616,-0.2049,63456,191500000000
2026-08-28,433980,"KODEX TDF2040액티브 적격",15915,-20,-0.13,15854,-3.7768,42555,190200000000
2026-08-28,412570,"TIGER 2차전지TOP10레버리지",1345,146,12.18,1353,-47.8696,12721638,188400000000
2026-08-28,0082V0,"KODEX TDF2060액티브 적격",11315,35,0.31,11261,-8.3812,70652,187300000000
2026-08-28,486830,"HANARO 머니마켓액티브",53275,10,0.02,53274,0.8138,13254,187000000000
2026-08-28,461950,"KODEX 2차전지핵심소재10",5185,280,5.71,5190,-33.449,1966282,185100000000
2026-08-28,483290,"KODEX 미국배당다우존스타겟커버드콜",10585,-55,-0.52,10570,-1.1251,203807,184200000000
2026-08-28,233160,"TIGER 코스닥150 레버리지",8215,320,4.05,8228,-56.9286,2402300,184000000000
2026-08-28,122090,"PLUS 코스피50",81750,855,1.06,82194,-15.0466,21729,183900000000
2026-08-28,463290,"1Q 단기금융채액티브",109220,20,0.02,109226,0.7519,13531,182900000000
2026-08-28,494330,"ACE 라이프자산주주가치액티브",32855,-190,-0.57,32999,2.3007,63080,177400000000
2026-08-28,0099L0,"ACE 우량회사채(AA-이상)액티브",99765,50,0.05,99877,0.8036,19954,177000000000
2026-08-28,0040X0,"SOL 팔란티어미국채커버드콜혼합",9670,35,0.36,9641,1.1253,132672,177000000000
2026-08-28,0093A0,"RISE AI반도체TOP10",32110,770,2.46,32189,-22.5217,67083,176600000000
2026-08-28,473460,"KODEX 미국서학개미",23145,115,0.5,22844,-16.5597,50376,175900000000
2026-08-28,0005G0,"IBK K-AI반도체코어테크",50765,830,1.66,50938,-20.6099,13405,175100000000
2026-08-28,0190G0,"KODEX 반도체타겟위클리커버드콜",8900,175,2.01,8919,-22.2831,487306,171800000000
2026-08-28,0051G0,"SOL 미국원자력SMR",13960,-115,-0.82,13835,-15.3129,103409,171000000000
2026-08-28,200250,"KIWOOM 인도Nifty50(합성)",21555,-220,-1.01,21592,-6.4648,6649,170300000000
2026-08-28,480020,"ACE 미국빅테크7+데일리타겟커버드콜(합성)",10330,30,0.29,10229,-16.3347,296625,169400000000
2026-08-28,490600,"RISE 미국배당100데일리고정커버드콜",9235,-25,-0.27,9237,-1.2752,192385,169000000000
2026-08-28,403790,"MIDAS 코스피액티브",57675,50,0.09,58068,-13.4955,86956,168700000000
2026-08-28,332500,"ACE 200TR",73300,780,1.08,73616,-14.9476,10372,168600000000
2026-08-28,472870,"RISE 미국30년국채엔화노출(합성 H)",6950,-25,-0.36,6994,-10.1088,209495,168500000000
2026-08-28,491820,"HANARO 전력설비투자",45500,3825,9.18,45557,-36.0617,198036,168400000000
2026-08-28,0064K0,"KODEX 금액티브",13340,-100,-0.74,13353,-5.6843,198004,167300000000
2026-08-28,160580,"TIGER 구리실물",16300,-435,-2.6,16591,-1.5009,109864,166300000000
2026-08-28,237370,"KODEX 코리아배당성장채권혼합",15705,-15,-0.1,15739,-2.4659,35166,163300000000
2026-08-28,337160,"KODEX 200ESG",48000,495,1.04,48004,-12.2239,8468,163200000000
2026-08-28,494220,"UNICORN SK하이닉스밸류체인액티브",46445,865,1.9,46780,-16.6728,56999,162600000000
2026-08-28,480030,"ACE 미국500데일리타겟커버드콜(합성)",9945,-5,-0.05,9937,-7.8631,66737,159100000000
2026-08-28,143860,"TIGER 헬스케어",39290,-235,-0.59,39346,-10.809,17330,157900000000
2026-08-28,272560,"RISE 단기국공채액티브",114885,50,0.04,114890,0.6485,8135,157500000000
2026-08-28,354500,"ACE 코스닥150",14660,345,2.41,14652,-28.8873,187864,156900000000
2026-08-28,491610,"1Q CD금리액티브(합성)",104820,20,0.02,104804,0.7159,2788,155400000000
2026-08-28,464240,"KIWOOM 26-09회사채(AA-이상)액티브",52390,10,0.02,52401,0.7006,51,153500000000
2026-08-28,0005D0,"SOL 전고체배터리&실리콘음극재",15200,995,7,15206,-37.9288,990992,151200000000
2026-08-28,138520,"TIGER 삼성그룹",37360,655,1.78,37415,-9.3928,17100,150900000000
2026-08-28,457990,"PLUS 태양광&ESS",39400,1430,3.77,39346,-22.5103,294422,149700000000
2026-08-28,219480,"KODEX 미국S&P500선물(H)",33215,130,0.39,33229,1.55,4957,149500000000
2026-08-28,0180V0,"ACE 미국우주테크액티브",7970,-25,-0.31,7906,-44.6138,166129,149000000000
2026-08-28,152870,"파워 200",110310,1595,1.47,110443,-14.7555,13017,148900000000
2026-08-28,0153K0,"KODEX 주주환원고배당주",12100,-10,-0.08,12122,0.2975,93158,148800000000
2026-08-28,458210,"KIWOOM CD금리액티브(합성)",110565,20,0.02,110531,0.7427,337,148500000000
2026-08-28,0151P0,"RISE 코리아전략산업액티브",14820,360,2.49,14808,-25.6571,125310,148200000000
2026-08-28,0127M0,"ACE 미국대형가치주액티브",12450,35,0.28,12387,-0.0055,2059,148200000000
2026-08-28,451530,"TIGER 국고채30년스트립액티브",35365,745,2.15,35300,-14.8235,73410,147900000000
2026-08-28,0048K0,"KODEX 차이나휴머노이드로봇",8435,90,1.08,8462,-31.886,338186,146800000000
2026-08-28,271050,"KODEX WTI원유선물인버스(H)",2070,-10,-0.48,2078,3.4825,712035,145400000000
2026-08-28,245340,"TIGER 미국다우존스30",36050,-115,-0.32,35969,-2.6033,9973,144900000000
2026-08-28,0104H0,"KoAct 미국나스닥채권혼합50액티브",11685,135,1.17,11625,-12.2341,26407,144300000000
2026-08-28,0041E0,"KODEX 미국S&P500액티브",16180,120,0.75,16046,-10.7908,79167,140800000000
2026-08-28,481180,"SOL 미국AI소프트웨어",16080,550,3.54,15706,6.662,84319,140700000000
2026-08-28,139220,"TIGER 200 건설",8135,60,0.74,8125,-15.7538,734311,138800000000
2026-08-28,495330,"1Q 코리아밸류업",32055,340,1.07,32192,-15.3508,4962,137800000000
2026-08-28,0131W0,"1Q 단기특수은행채액티브",102090,20,0.02,102094,0.6955,530,137500000000
2026-08-28,0199C0,"ACE 고배당주Plus커버드콜액티브",9385,-35,-0.37,9386,,1114013,136600000000
2026-08-28,0168K0,"TIGER 기술이전바이오액티브",6535,15,0.23,6538,-23.7873,930780,135100000000
2026-08-28,0074K0,"KoAct K수출핵심기업TOP30액티브",17650,435,2.53,17719,-22.4899,40458,135000000000
2026-08-28,476030,"SOL 미국나스닥100",17030,90,0.53,16936,-9.5002,23418,134500000000
2026-08-28,304660,"KODEX 미국30년국채울트라선물(H)",7335,20,0.27,7361,-1.2821,13791,134200000000
2026-08-28,476450,"KIWOOM 머니마켓액티브",52760,10,0.02,52763,0.7833,387,133800000000
2026-08-28,0184L0,"PLUS 중기종합채권(A-이상)액티브",100740,100,0.1,100744,0.7054,76345,133500000000
2026-08-28,0193G0,"KoAct 코스피액티브",8500,130,1.55,8538,-19.0523,46764,133000000000
2026-08-28,448100,"WON 200",113200,2410,2.18,112631,-15.0009,26615,133000000000
2026-08-28,0092B0,"SOL 한국원자력SMR",16380,-60,-0.36,16374,-21.4713,203552,132700000000
2026-08-28,471760,"TIGER AI반도체핵심공정",14425,455,3.26,14409,-37.0154,553368,132000000000
2026-08-28,192090,"TIGER 차이나CSI300",12470,-5,-0.04,12572,-13.3681,36588,131600000000
2026-08-28,325010,"KODEX 성장주",43655,950,2.22,43689,-16.8031,4525,131000000000
2026-08-28,182480,"TIGER 미국MSCI리츠(합성 H)",14030,0,0,14074,2.6827,7268,130500000000
2026-08-28,377990,"TIGER Fn신재생에너지",26090,1395,5.65,26052,-31.3622,172138,130500000000
2026-08-28,461500,"HANARO 종합채권(AA-이상)액티브",105315,155,0.15,105367,-0.9047,44,130400000000
2026-08-28,0123G0,"TIGER 미국AI전력SMR",6525,-30,-0.46,6437,-24.7417,108048,130200000000
2026-08-28,498180,"파워 종합채권(AA-이상)액티브",0,93320,100,93727,-1.034,0,129200000000
2026-08-28,0000J0,"PLUS 한화그룹주",29535,835,2.91,29699,-27.0185,123673,128500000000
2026-08-28,463680,"KODEX 미국S&P500테크놀로지",22245,425,1.95,21820,-7.456,7242,127900000000
2026-08-28,488720,"WON 종합채권(AA-이상)액티브",48760,85,0.17,48849,-0.8555,89415,127600000000
2026-08-28,0181B0,"HANARO 미국AI메모리반도체TOP4+",9935,440,4.63,9688,-9.7005,294991,124200000000
2026-08-28,114820,"TIGER 국채3년",105325,75,0.07,105409,0.6166,22815,123500000000
2026-08-28,367770,"RISE 수소경제테마",23505,530,2.31,23552,-26.6209,45882,123400000000
2026-08-28,0000Y0,"HK 26-12 회사채(AA-이상)액티브",101825,25,0.02,101843,0.6874,81,123200000000
2026-08-28,447620,"SOL 미국TOP5채권혼합50",15765,5,0.03,15734,-3.7558,25073,123000000000
2026-08-28,411420,"KODEX 미국나스닥AI테크액티브",26110,215,0.83,25933,-14.6741,11171,122700000000
2026-08-28,0191W0,"HANARO 중기종합채권(A-이상)액티브",0,100965,100,101070,0.7634,0,121200000000
2026-08-28,319640,"TIGER 골드선물(H)",27125,-135,-0.5,27092,0.9255,14194,120700000000
2026-08-28,469170,"ACE 포스코그룹포커스",5905,180,3.14,5928,-26.6198,856384,119900000000
2026-08-28,328370,"PLUS 코스피TR",38645,215,0.56,38883,-14.78,179,119800000000
2026-08-28,0209D0,"KODEX 전고체배터리ESS TOP2플러스",8550,610,7.68,8569,,1505825,119300000000
2026-08-28,399110,"SOL 미국S&P500ESG",21140,35,0.17,20969,-4.2093,9360,118400000000
2026-08-28,464930,"TIGER 글로벌혁신블루칩TOP10",21215,-65,-0.31,21171,-4.8726,2817,117700000000
2026-08-28,332940,"HANARO MSCI Korea TR",48870,1195,2.51,48708,-14.3307,1616,117300000000
2026-08-28,0080Y0,"SOL 조선TOP3플러스레버리지",9160,270,3.04,9177,-59.2202,235592,117200000000
2026-08-28,488500,"TIGER 미국S&P500동일가중",12940,40,0.31,12911,-1.3812,14574,117100000000
2026-08-28,309230,"ACE 미국WideMoat동일가중",31710,-240,-0.75,31630,2.6644,12551,116700000000
2026-08-28,266370,"KODEX IT",67865,1610,2.43,68144,-19.4175,54163,115400000000
2026-08-28,372330,"KODEX 차이나항셍테크",6960,-70,-1,6980,-13.4426,79826,115200000000
2026-08-28,491230,"PLUS 국공채머니마켓액티브",52530,45,0.09,52483,0.797,104861,115000000000
2026-08-28,438570,"SOL 국고채10년",98760,130,0.13,98842,-0.4291,112,114500000000
2026-08-28,464310,"TIGER 글로벌AI&로보틱스 INDXX",13865,75,0.54,13811,-21.2675,500889,114400000000
2026-08-28,0122W0,"RISE 26-11 회사채(AA-이상)액티브",50975,15,0.03,50981,0.7015,411,113900000000
2026-08-28,326240,"RISE IT플러스",43875,1000,2.33,43894,-18.8205,4221,113200000000
2026-08-28,455860,"SOL 2차전지소부장Fn",4710,240,5.37,4702,-34.5535,735693,112600000000
2026-08-28,0176E0,"RISE 미국AI전력인프라액티브",9895,250,2.59,9692,-26.9042,29118,112300000000
2026-08-28,0135Y0,"IBK 중기종합채권(AA-이상)액티브",100315,-260,-0.26,100610,0.6051,188,111000000000
2026-08-28,0174B0,"KoAct 글로벌AI메모리반도체액티브",14380,330,2.35,14241,-14.4597,191082,110000000000
2026-08-28,304940,"KODEX 미국나스닥100선물(H)",32355,255,0.79,32158,-2.5353,4499,110000000000
2026-08-28,0221V0,"IBK 초단기채권액티브",100395,25,0.02,100409,,32,107300000000
2026-08-28,203780,"TIGER 미국나스닥바이오",36915,-485,-1.3,36748,15.2364,48866,107100000000
2026-08-28,168580,"ACE 중국본토CSI300",34305,-190,-0.55,34791,-12.8034,3333,107000000000
2026-08-28,0138Y0,"PLUS 금채권혼합",10085,-35,-0.35,10066,-2.3167,141365,106900000000
2026-08-28,0193M0,"BNK 27-12 특수채(AAA이상)액티브",50390,10,0.02,50372,,1,106500000000
2026-08-28,0091M0,"HANARO 27-06 회사채(AA-이상)액티브",10155,0,0,10159,0.5943,1172,105900000000
2026-08-28,0036R0,"RISE 미국휴머노이드로봇",18855,95,0.51,18688,-16.3015,17129,105600000000
2026-08-28,0177X0,"ACE K휴머노이드로봇산업TOP2+",9490,90,0.96,9473,-34.4263,1239075,104900000000
2026-08-28,0085P0,"ACE 미국10년국채액티브",9880,-25,-0.25,9875,-7.8163,125192,104700000000
2026-08-28,0132K0,"PLUS 테슬라위클리커버드콜채권혼합",7930,-10,-0.13,7951,-7.0802,187238,104700000000
2026-08-28,0137V0,"KIWOOM 미국S&P500모멘텀",11500,105,0.92,11389,-8.0943,76479,104700000000
2026-08-28,496090,"KIWOOM 코리아밸류업",32195,385,1.21,32347,-15.356,222,104600000000
2026-08-28,0233A0,"ACE 삼성전자SK하이닉스플러스채권혼합50",10440,140,1.36,10448,,505604,104400000000
2026-08-28,394660,"TIGER 글로벌자율주행&전기차SOLACTIVE",15785,-60,-0.38,15865,-22.9891,2858,103500000000
2026-08-28,476850,"KoAct 배당성장액티브",21655,55,0.25,21683,-11.1228,101483,102900000000
2026-08-28,0008T0,"SOL 화장품TOP3플러스",19300,-445,-2.25,19267,34.6403,1502627,102300000000
2026-08-28,465780,"마이티 26-09 특수채(AAA)액티브",106375,25,0.02,106382,0.6911,0,101400000000
2026-08-28,251340,"KODEX 코스닥150선물인버스",2350,-50,-2.08,2353,22.6366,43075172,101300000000
2026-08-28,261270,"KODEX 미국달러선물인버스",8085,25,0.31,8104,8.5521,24010,101100000000
2026-08-28,475280,"ACE 8월만기자동연장회사채AA-이상액티브",10730,5,0.05,10733,0.7042,51,101100000000
2026-08-28,465610,"ACE 미국빅테크TOP7 Plus레버리지(합성)",41880,285,0.69,41268,-17.3555,3609,100500000000
2026-08-28,0007N0,"아이엠에셋 200",109985,1640,1.51,109938,-14.9756,216,99000000000
2026-08-28,114100,"RISE 국고채3년",106890,125,0.12,106939,0.6172,19548,98800000000
2026-08-28,0142D0,"TIGER 미국AI데이터센터TOP4Plus",10675,280,2.69,10333,-23.8741,165265,97700000000
2026-08-28,475050,"ACE KPOP포커스",6750,-125,-1.82,6777,-21.5183,954180,97500000000
2026-08-28,308620,"KODEX 미국10년국채선물",11590,-40,-0.34,11600,-7.8447,30319,95000000000
2026-08-28,195980,"PLUS 신흥국MSCI(합성 H)",15215,75,0.5,15472,-0.4275,10780,94600000000
2026-08-28,454320,"HANARO CAPEX설비투자iSelect",44005,1640,3.87,44160,-26.8813,6570,94600000000
2026-08-28,473440,"ACE 11월만기자동연장회사채AA-이상액티브",10840,0,0,10848,0.7903,1148,94300000000
2026-08-28,433970,"KODEX TDF2030액티브 적격",14050,-10,-0.07,13975,-2.6831,33968,94100000000
2026-08-28,481430,"RISE 국고채10년액티브",98850,360,0.37,98785,-0.5353,14245,94000000000
2026-08-28,0035T0,"PLUS 글로벌휴머노이드로봇액티브",19245,-15,-0.08,19274,-25.262,22418,93300000000
2026-08-28,0052T0,"1Q 중단기회사채(A-이상)액티브",50720,-5,-0.01,50727,0.7748,202004,93000000000
2026-08-28,485690,"RISE 미국AI밸류체인TOP3Plus",22085,415,1.92,21773,-10.0229,7383,92800000000
2026-08-28,211900,"KODEX 코리아배당성장",28000,-295,-1.04,28174,-9.8951,8961,92400000000
2026-08-28,468380,"KODEX iShares미국하이일드액티브",11020,-25,-0.23,11006,-6.7839,40762,91900000000
2026-08-28,0066W0,"SOL 국제금",13480,-100,-0.74,13446,-5.9232,62740,91700000000
2026-08-28,486240,"DAISHIN AI반도체&인프라액티브",29550,910,3.18,29659,-18.5554,779,91600000000
2026-08-28,204480,"TIGER 차이나CSI300레버리지(합성)",24565,-155,-0.63,25119,-27.888,1182,91400000000
2026-08-28,325020,"KODEX 배당가치",29420,25,0.09,29504,-7.2989,3628,91200000000
2026-08-28,269540,"PLUS 미국S&P500(H)",30105,105,0.35,30004,0.05,5047,90300000000
2026-08-28,298770,"KODEX 한국대만IT프리미어",81400,275,0.34,81848,-9.0352,4641,89500000000
2026-08-28,143850,"TIGER 미국S&P500선물(H)",77575,275,0.36,77592,0.9929,1332,89200000000
2026-08-28,108450,"ACE 삼성그룹섹터가중",40490,960,2.43,40659,-11.2384,18483,89100000000
2026-08-28,453080,"KIWOOM 미국나스닥100(H)",22805,165,0.73,22680,-2.7808,6951,88900000000
2026-08-28,444490,"WON 미국S&P500",20200,0,0,20164,-6.0684,10483,88900000000
2026-08-28,329670,"KODEX TRF7030",22130,10,0.05,22127,-3.7804,14398,88500000000
2026-08-28,495040,"PLUS 코리아밸류업",32105,495,1.57,32085,-15.1017,1010,88300000000
2026-08-28,479620,"SOL 미국AI반도체칩메이커",24455,430,1.79,23986,-15.2259,19762,86800000000
2026-08-28,460960,"ACE 글로벌인컴TOP10",11160,-50,-0.45,11147,-5.5145,19735,86500000000
2026-08-28,292770,"KODEX 국채선물3년인버스",57535,-70,-0.12,57516,0.2087,152,86300000000
2026-08-28,0162L0,"KODEX 차이나AI반도체TOP10",13630,505,3.85,13677,-23.6311,891511,84500000000
2026-08-28,329660,"KODEX TRF5050",17930,15,0.08,17946,-2.3683,18144,84300000000
2026-08-28,461460,"PLUS 국고채10년액티브",51695,180,0.35,51667,-0.579,8909,83800000000
2026-08-28,138530,"TIGER LG그룹플러스",12535,45,0.36,12542,-12.992,46081,83500000000
2026-08-28,490480,"SOL K방산",30105,1040,3.58,30275,-26.5943,26130,82800000000
2026-08-28,130730,"KIWOOM 단기자금",103015,15,0.01,103008,0.6891,712,82400000000
2026-08-28,359210,"KODEX 코스피TR",35825,450,1.27,35880,-15.3709,4422,82400000000
2026-08-28,453330,"RISE 미국S&P500(H)",18235,65,0.36,18160,2.0534,18586,82100000000
2026-08-28,0017Y0,"1Q 종합채권(AA-이상)액티브",93985,65,0.07,94322,-1.0588,99,82000000000
2026-08-28,364960,"TIGER BBIG",6755,100,1.5,6753,-11.7375,18423,81100000000
2026-08-28,449770,"KIWOOM 미국S&P500",21105,20,0.09,21043,-5.924,27765,80200000000
2026-08-28,337140,"KODEX 코스피대형주",36365,400,1.11,36610,-15.7031,13746,80000000000
2026-08-28,469060,"RISE 미국반도체NYSE",34760,635,1.86,34152,-14.0803,36123,79900000000
2026-08-28,0018C0,"PLUS 고배당주위클리고정커버드콜",10690,-100,-0.93,10747,-6.8552,51143,79600000000
2026-08-28,0057H0,"PLUS 미국S&P500미국채혼합50액티브",11670,-25,-0.21,11658,-6.5865,103129,79400000000
2026-08-28,495750,"HANARO 코리아밸류업",32340,525,1.65,32295,-14.9982,436,79200000000
2026-08-28,157490,"TIGER 소프트웨어",8465,-55,-0.65,8464,-6.9362,266212,79200000000
2026-08-28,0049M0,"ACE 미국배당퀄리티+커버드콜액티브",11320,0,0,11297,-6.5622,22535,78700000000
2026-08-28,473640,"HANARO 글로벌금채굴기업",37280,-595,-1.57,37060,10.6485,56747,78300000000
2026-08-28,492500,"1Q 현대차그룹채권(A+이상)&국고통안",51390,40,0.08,51381,0.4499,753,78200000000
2026-08-28,0098N0,"PLUS 자사주매입고배당주",12900,-20,-0.15,12904,0.1098,30678,78000000000
2026-08-28,458030,"WON 국공채머니마켓액티브",55035,15,0.03,55030,0.7046,732,78000000000
2026-08-28,210780,"TIGER 코스피고배당",23470,-150,-0.64,23541,-5.2314,25748,77500000000
2026-08-28,365040,"TIGER AI코리아그로스액티브",36745,630,1.74,36609,-13.1851,4701,77200000000
2026-08-28,0197X0,"SOL SK하이닉스선물단일종목인버스2X",6745,-295,-4.19,6698,,13515815,77100000000
2026-08-28,434960,"DAISHIN K200",110080,1635,1.51,110235,-15.2274,2651,77100000000
2026-08-28,438560,"SOL 국고채3년",100690,125,0.12,100693,0.6908,4493,76400000000
2026-08-28,0080X0,"SOL 미국S&P500미국채혼합50",11035,-25,-0.23,10993,-6.5049,33733,76100000000
2026-08-28,228810,"TIGER 미디어컨텐츠",3090,-40,-1.28,3095,-22.3326,257778,75000000000
2026-08-28,412770,"TIGER 글로벌AI플랫폼액티브",12410,250,2.06,12220,-22.7446,35831,74700000000
2026-08-28,475310,"SOL 반도체후공정",26755,405,1.54,26825,-28.4357,142264,73600000000
2026-08-28,441540,"HANARO Fn조선해운",27225,105,0.39,27331,-24.541,9403,73500000000
2026-08-28,272910,"ACE 중장기국공채액티브",106180,-210,-0.2,106414,0.5386,1,73100000000
2026-08-28,0102A0,"TIGER 미국AI소프트웨어TOP4Plus",8810,340,4.01,8581,0.4744,222132,72700000000
2026-08-28,292190,"KODEX KRX300",48120,455,0.95,48331,-15.8315,2915,72200000000
2026-08-28,0022T0,"SOL 국제금커버드콜액티브",13830,-100,-0.72,13793,-5.9974,96010,71900000000
2026-08-28,266420,"KODEX 헬스케어",17935,-105,-0.58,17868,-10.5159,27622,71700000000
2026-08-28,0113D0,"TIME 글로벌탑픽액티브",12050,-10,-0.08,12030,-5.4489,36691,71700000000
2026-08-28,0225V0,"KODEX 미국CPU반도체TOP10",10150,305,3.1,10017,,370989,71100000000
2026-08-28,211560,"TIGER 배당성장",35190,-220,-0.62,35263,-9.3055,4023,70700000000
2026-08-28,475350,"RISE 버크셔포트폴리오TOP10",14575,-65,-0.44,14582,-3.3473,15965,70000000000
2026-08-28,0098Z0,"FOCUS 200",93265,900,0.97,93550,-14.8437,10,69900000000
2026-08-28,228800,"TIGER 여행레저",2680,-20,-0.74,2668,-13.4616,162161,69100000000
2026-08-28,465330,"RISE 2차전지TOP10",11580,615,5.61,11564,-26.8269,245347,68600000000
2026-08-28,458750,"TIGER 미국배당다우존스타겟커버드콜1호",13280,-55,-0.41,13279,-1.7162,22488,68400000000
2026-08-28,440640,"ACE 단기채권알파액티브",112660,20,0.02,112671,0.8234,471,68200000000
2026-08-28,0190Y0,"TIGER 구글밸류체인",8620,135,1.59,8544,-18.5934,155409,68100000000
2026-08-28,298340,"PLUS 국채선물3년",56645,55,0.1,56675,0.9814,12929,68000000000
2026-08-28,100910,"KIWOOM KRX100",17150,95,0.56,17260,-14.6772,2571,66900000000
2026-08-28,278620,"PLUS 단기채권액티브",119065,0,0,119076,0.7915,41,66700000000
2026-08-28,0115E0,"KODEX 코리아소버린AI",14940,180,1.22,14953,-7.6442,24760,66500000000
2026-08-28,433880,"PLUS TDF2060액티브 적격",18650,-40,-0.21,18577,-6.1143,21357,66200000000
2026-08-28,491700,"HK 200",109915,1195,1.1,110360,-15.0094,14775,65900000000
2026-08-28,277640,"TIGER 코스피대형주",37630,325,0.87,37847,-15.1755,10782,65900000000
2026-08-28,453950,"TIGER TSMC파운드리밸류체인",33240,120,0.36,33084,-9.2106,7857,64800000000
2026-08-28,0210E0,"PLUS 200커버드콜액티브",7565,110,1.48,7571,,367499,63500000000
2026-08-28,0123S0,"HANARO 26-12 은행채(AA+이상)액티브",10190,0,0,10187,0.7912,77,63200000000
2026-08-28,0198A0,"KIWOOM 코스닥150커버드콜액티브",9265,225,2.49,9234,,732419,63000000000
2026-08-28,0000D0,"TIGER 엔비디아미국채커버드콜밸런스(합성)",9170,10,0.11,9047,-8.0774,72081,62800000000
2026-08-28,419890,"KIWOOM 단기채권ESG액티브",107580,40,0.04,107589,0.6504,2958,62400000000
2026-08-28,453640,"KODEX 미국S&P500헬스케어",14470,-165,-1.13,14473,7.3864,40839,62200000000
2026-08-28,0172V0,"1Q 은액티브",8950,-45,-0.5,8889,-17.0203,93612,61800000000
2026-08-28,306950,"KODEX KRX300레버리지",77135,1455,1.92,78245,-41.623,1878,61700000000
2026-08-28,455660,"ACE 미국하이일드액티브(H)",9490,5,0.05,9493,0.5312,10054,61700000000
2026-08-28,252400,"RISE 200선물레버리지",102460,2905,2.92,102669,-40.5092,20749,61500000000
2026-08-28,0040S0,"HANARO 글로벌피지컬AI액티브",23545,270,1.16,23325,-20.4274,8212,61200000000
2026-08-28,261070,"TIGER 코스닥150바이오테크",13115,-5,-0.04,13136,-21.9048,135762,60900000000
2026-08-28,278240,"RISE 코스닥150선물레버리지",8345,305,3.79,8409,-56.9132,61922,60800000000
2026-08-28,275980,"TIGER 글로벌4차산업혁신기술(합성 H)",23850,-75,-0.31,23945,0.0836,4370,60600000000
2026-08-28,479730,"TIGER 인도빌리언컨슈머",10175,-95,-0.93,10141,-0.0529,2424,60000000000
2026-08-28,476750,"ACE 미국30년국채엔화노출액티브(H)",7485,-15,-0.2,7484,-10.1698,40684,59900000000
2026-08-28,0166S0,"PLUS K제조업핵심기업액티브",11125,320,2.96,11162,-25.3283,53832,59500000000
2026-08-28,150460,"TIGER 중국소비테마",7865,-140,-1.75,7859,3.961,14505,59500000000
2026-08-28,261240,"KODEX 미국달러선물",14260,-25,-0.18,14262,-7.3606,51721,59300000000
2026-08-28,495940,"RISE 미국AI테크액티브",19120,225,1.19,18919,-18.7476,668,59300000000
2026-08-28,0141S0,"SOL 조선기자재",8850,80,0.91,8819,-30.9993,86063,58900000000
2026-08-28,0181L0,"SOL 미국우주항공TOP10",7150,-45,-0.63,7085,-47.8435,157307,58300000000
2026-08-28,491220,"PLUS 200TR",129390,1315,1.03,129997,-14.4113,5114,58200000000
2026-08-28,0111J0,"HANARO 증권고배당TOP3플러스",12695,-95,-0.74,12747,-28.9246,42793,57100000000
2026-08-28,401470,"KODEX 메타버스액티브",9720,-15,-0.15,9739,-7.6814,15719,56900000000
2026-08-28,0194T0,"ACE SK하이닉스단일종목레버리지",8930,330,3.84,9009,,82403,56500000000
2026-08-28,0000Z0,"RISE 바이오TOP10액티브",9540,55,0.58,9500,-30.2061,134490,56300000000
2026-08-28,304780,"HANARO 200선물레버리지",125035,3545,2.92,125088,-40.2161,1983,56300000000
2026-08-28,225040,"TIGER 미국S&P500레버리지(합성 H)",67980,550,0.82,67565,2.3061,4902,55700000000
2026-08-28,455960,"RISE 미국달러SOFR금리액티브(합성)",12145,30,0.25,12106,-7.1648,1676,55600000000
2026-08-28,440910,"WON 미국우주항공방산",25245,105,0.42,25164,-9.2747,3158,55500000000
2026-08-28,385590,"ACE ESG액티브",23910,245,1.04,23996,-10.4616,2864,55000000000
2026-08-28,0226A0,"PLUS SK하이닉스샌디스크채권혼합50",10750,200,1.9,10785,,162444,53800000000
2026-08-28,0046Y0,"ACE 미국배당퀄리티",12605,-35,-0.28,12601,-5.7029,10103,53600000000
2026-08-28,442560,"RISE TDF2040액티브 적격",16480,45,0.27,16363,-5.1453,8507,53600000000
2026-08-28,0197W0,"SOL SK하이닉스단일종목레버리지",8800,360,4.27,8850,,202256,53200000000
2026-08-28,445150,"KODEX 친환경조선해운액티브",28670,270,0.95,28738,-27.4441,4344,53000000000
2026-08-28,0113P0,"HK 머니마켓액티브",0,102370,100,102397,0.7529,0,53000000000
2026-08-28,140700,"KODEX 보험",21145,-320,-1.49,21149,16.5055,247483,52900000000
2026-08-28,0118Z0,"ACE 미국AI테크핵심산업액티브",8755,75,0.86,8635,-16.9378,13174,52500000000
2026-08-28,480310,"TIGER 글로벌온디바이스AI",18910,255,1.37,18853,-22.3597,1220,52000000000
2026-08-28,101280,"KODEX 일본TOPIX100",30540,-90,-0.29,30349,-2.1337,5595,51900000000
2026-08-28,0185L0,"TIME 글로벌휴머노이드로봇산업액티브",7430,40,0.54,7426,-32.3261,35557,51600000000
2026-08-28,275300,"KODEX 우량주",30105,125,0.42,30279,-12.7401,2060,51200000000
2026-08-28,253150,"PLUS 200선물레버리지",203995,4995,2.51,205327,-40.8232,7738,51000000000
2026-08-28,114470,"KIWOOM 국고채3년",108295,135,0.12,108301,0.6646,1458,50900000000
2026-08-28,475260,"ACE 2월만기자동연장회사채AA-이상액티브",10750,0,0,10746,0.7025,4,50600000000
2026-08-28,0139P0,"ACE 고배당주",13585,-130,-0.95,13611,-2.9054,18422,50300000000
2026-08-28,152500,"ACE 레버리지",45380,1300,2.95,45425,-40.3236,61516,49900000000
2026-08-28,0041D0,"KODEX 미국AI소프트웨어TOP10",13110,440,3.47,12843,-2.418,91323,49800000000
2026-08-28,0132H0,"KODEX 미국원자력SMR",8615,-95,-1.09,8540,-19.6495,77726,49500000000
2026-08-28,0118S0,"SOL 미국넥스트테크TOP10액티브",10755,205,1.94,10471,-29.7837,35954,49500000000
2026-08-28,218420,"KODEX 미국S&P500에너지(합성)",20030,55,0.28,20071,-1.6979,62324,49200000000
2026-08-28,261220,"KODEX WTI원유선물(H)",22870,110,0.48,22750,-8.8324,55843,49200000000
2026-08-28,418670,"TIGER 글로벌AI사이버보안",17295,875,5.33,16711,4.3202,187149,49100000000
2026-08-28,316670,"KIWOOM 코스닥150",7250,165,2.33,7245,-28.9012,246855,48600000000
2026-08-28,200030,"KODEX 미국S&P500산업재(합성)",43030,505,1.19,42963,-5.184,1639,48500000000
2026-08-28,447430,"ACE 주주환원가치주액티브",16380,0,0,16294,-4.3361,2666,48300000000
2026-08-28,360140,"KODEX 200롱코스닥150숏선물",21940,-260,-1.17,21966,13.8169,31815,48300000000
2026-08-28,371470,"TIGER 차이나바이오테크SOLACTIVE",8800,-10,-0.11,8913,8.6983,129230,48200000000
2026-08-28,336160,"RISE 금융채액티브",100640,175,0.17,100631,0.4947,9,48200000000
2026-08-28,140950,"파워 코스피100",85835,1090,1.29,85991,-14.6592,226,48100000000
2026-08-28,123310,"TIGER 인버스",1124,-11,-0.97,1121,-2.0708,3264415,47900000000
2026-08-28,256750,"KODEX 차이나심천ChiNext(합성)",15640,155,1,15679,-21.595,2817,47800000000
2026-08-28,442260,"마이티 다이나믹퀀트액티브",38080,530,1.41,37964,-15.2084,1216,47200000000
2026-08-28,287180,"PLUS 미국나스닥테크",55040,420,0.77,54688,-6.7043,984,46800000000
2026-08-28,0086B0,"TIGER 리츠부동산인프라TOP10액티브",9505,-100,-1.04,9574,-4.7874,12802,46600000000
2026-08-28,0020H0,"KoAct 글로벌양자컴퓨팅액티브",21645,65,0.3,21498,-29.8782,12179,46500000000
2026-08-28,0178H0,"IBK 미국AI TOP10국채혼합50",9880,95,0.97,9844,-5.8603,5272,46400000000
2026-08-28,461340,"HANARO 글로벌생성형AI액티브",42200,750,1.81,41580,-12.4974,2767,46400000000
2026-08-28,305050,"ACE 코스피",71360,505,0.71,71814,-15.1183,1898,46400000000
2026-08-28,0194M0,"ACE 삼성전자단일종목레버리지",11230,240,2.18,11359,,65183,46300000000
2026-08-28,276990,"KODEX 글로벌로봇(합성)",25820,185,0.72,25772,-18.1122,3534,45700000000
2026-08-28,473590,"ACE 미국주식베스트셀러",18950,300,1.61,18620,-25.7712,147084,45500000000
2026-08-28,196030,"ACE 일본TOPIX레버리지(H)",90825,-265,-0.29,90775,8.4404,114,45400000000
2026-08-28,442090,"에셋플러스 코리아대장장이액티브",30120,295,0.99,30125,-19.0309,731,45200000000
2026-08-28,429760,"PLUS 미국S&P500",19625,10,0.05,19571,-5.9139,3920,45100000000
2026-08-28,473490,"KIWOOM 글로벌AI반도체",29930,280,0.94,29552,-13.8486,1686,44900000000
2026-08-28,475270,"ACE 5월만기자동연장회사채AA-이상액티브",10720,0,0,10728,0.61,4,44700000000
2026-08-28,261120,"TIGER 미국달러선물인버스2X",5315,30,0.57,5307,17.706,9390,44600000000
2026-08-28,375770,"KODEX 탄소효율그린뉴딜",24800,130,0.53,24964,-14.0757,58,44600000000
2026-08-28,472830,"RISE 미국30년국채커버드콜(합성)",8010,-10,-0.12,8000,-9.3916,11614,44500000000
2026-08-28,453650,"KODEX 미국S&P500금융",19715,-15,-0.08,19685,3.5233,9413,44400000000
2026-08-28,487130,"KoAct AI인프라액티브",28515,940,3.41,28630,-28.8112,26812,44200000000
2026-08-28,476260,"HANARO 반도체핵심공정주도주",12810,345,2.77,12805,-19.0059,175284,44200000000
2026-08-28,0186S0,"1Q 코스닥150채권혼합50액티브",8470,115,1.38,8510,-15.2511,258847,44000000000
2026-08-28,0189B0,"TIGER 은액티브",8635,-40,-0.46,8582,-16.4661,44242,44000000000
2026-08-28,0089C0,"KODEX 미국S&P500변동성확대시커버드콜",11440,-10,-0.09,11432,-5.6806,2274,43500000000
2026-08-28,401170,"RISE 메타버스",10970,-60,-0.54,10954,-13.0812,1544,43400000000
2026-08-28,238720,"ACE 일본Nikkei225(H)",48170,90,0.19,48100,2.2652,2282,43400000000
2026-08-28,139320,"TIGER 금은선물(H)",19220,-120,-0.62,19186,-0.54,11277,43200000000
2026-08-28,139280,"TIGER 경기방어",13135,-230,-1.72,13188,2.4996,7297,43100000000
2026-08-28,494840,"TIGER 미국방산TOP10",13035,85,0.66,13043,-4.6492,16098,43000000000
2026-08-28,0141T0,"SOL 중기종합채권(AA-이상)액티브",50345,20,0.04,50372,0.5997,12006,42800000000
2026-08-28,0007G0,"PLUS 글로벌원자력밸류체인",14135,-15,-0.11,14185,-12.384,25224,42400000000
2026-08-28,0220B0,"DS 코스닥액티브",9865,310,3.24,9853,,60319,41900000000
2026-08-28,428510,"KODEX 차이나AI테크액티브",24600,765,3.21,24603,-23.2102,13601,41800000000
2026-08-28,0192L0,"RISE SK하이닉스단일종목레버리지",9085,370,4.25,9201,,53932,41800000000
2026-08-28,282000,"RISE 국고채3년선물인버스",114330,-155,-0.14,114295,0.2056,896,41700000000
2026-08-28,440650,"ACE 미국달러단기채권액티브",11590,-35,-0.3,11587,-7.0744,28625,41700000000
2026-08-28,0191M0,"마이티 5월만기자동연장특수채(AAA)액티브",0,100675,100,100705,,0,41700000000
2026-08-28,0112X0,"마이티 200TR",40815,250,0.62,41126,-15.0561,17332,40800000000
2026-08-28,448570,"FOCUS AI코리아액티브",30220,160,0.53,30392,-12.1053,35,40800000000
2026-08-28,472840,"IBK 200",108560,1330,1.24,108886,-14.6627,2208,40700000000
2026-08-28,0207G0,"SOL 우주항공밸류체인",6885,230,3.46,6892,,714309,40600000000
2026-08-28,183700,"RISE 200채권혼합50",96325,535,0.56,96418,-7.4608,1617,40500000000
2026-08-28,0209Z0,"ACE 코리아AI전력TOP10",7570,460,6.47,7576,,289821,40100000000
2026-08-28,147970,"TIGER 모멘텀",81680,235,0.29,82222,-19.9047,1228,39200000000
2026-08-28,0100K0,"KODEX 방산TOP10레버리지",7000,495,7.61,7074,-52.4663,564109,39200000000
2026-08-28,352540,"KODEX 일본부동산리츠(H)",11515,25,0.22,11505,2.9178,5901,39200000000
2026-08-28,322410,"HANARO K고배당",22995,0,0,22959,-3.7728,2286,39100000000
2026-08-28,292560,"TIGER 일본엔선물",8035,-50,-0.62,8018,-7.6,171176,38600000000
2026-08-28,275280,"KODEX 모멘텀주",42755,595,1.41,42760,-16.1226,8426,38500000000
2026-08-28,195930,"TIGER 유로스탁스50(합성 H)",23845,75,0.32,23817,7.2169,2284,38200000000
2026-08-28,491830,"TIGER 미국AI반도체팹리스",21730,550,2.6,21220,-17.1727,94466,38000000000
2026-08-28,400970,"TIGER Fn메타버스",7465,-150,-1.97,7502,-21.2513,13827,37700000000
2026-08-28,276970,"KODEX 미국S&P500배당귀족커버드콜(합성 H)",8000,15,0.19,8075,10.7929,8997,37600000000
2026-08-28,365000,"TIGER 인터넷TOP10",3715,30,0.81,3730,-22.8273,62004,37500000000
2026-08-28,452250,"ACE 미국30년국채선물레버리지(합성 H)",4820,5,0.1,4873,-3.6037,3529,37400000000
2026-08-28,464470,"PLUS 미국채30년액티브",48465,-50,-0.1,48489,-9.0728,11271,37000000000
2026-08-28,450910,"SOL 코스닥150",14215,295,2.12,14210,-29.0159,23336,36400000000
2026-08-28,449690,"TIGER 한중반도체(합성)",48430,1150,2.43,49084,-21.0224,150,36300000000
2026-08-28,469050,"RISE 미국반도체NYSE(H)",31560,600,1.94,31040,-6.6042,76476,36300000000
2026-08-28,104530,"KIWOOM 코리아고배당",17555,-195,-1.1,17584,-8.7416,5894,36000000000
2026-08-28,352560,"KODEX 미국부동산리츠(H)",12560,0,0,12532,1.242,3387,35800000000
2026-08-28,153270,"KIWOOM 코스피100",84490,1120,1.34,84407,-14.6812,1458,35500000000
2026-08-28,381560,"HANARO Fn전기&수소차",17740,265,1.52,17801,-22.6878,4056,35500000000
2026-08-28,498860,"RISE 코리아금융고배당",16800,-50,-0.3,16802,-11.7031,10832,35300000000
2026-08-28,415920,"PLUS 글로벌희토류&전략자원생산기업",7505,10,0.13,7480,-24.3694,55546,35300000000
2026-08-28,0154F0,"WON 초대형IB&금융지주",12155,115,0.96,12141,-11.8917,18411,35200000000
2026-08-28,322400,"HANARO e커머스",10510,-145,-1.36,10475,-2.023,5524,35200000000
2026-08-28,241390,"RISE V&S셀렉트밸류채권혼합",15715,85,0.54,15844,-6.5405,1467,34600000000
2026-08-28,475070,"KoAct 글로벌친환경전력인프라액티브",29970,420,1.42,29936,-30.4625,4384,34500000000
2026-08-28,385520,"KODEX 자율주행액티브",15990,180,1.14,16055,-25.6,5215,34400000000
2026-08-28,138910,"KODEX 구리선물(H)",10105,-240,-2.32,10077,4.6535,55130,34400000000
2026-08-28,276650,"RISE 글로벌테크놀로지(합성 H)",45600,295,0.65,45576,-2.6432,490,34200000000
2026-08-28,407830,"에셋플러스 글로벌플랫폼액티브",14245,-75,-0.52,14224,-13.735,530,34200000000
2026-08-28,380340,"ACE 코리아AI테크핵심산업",28325,335,1.2,28390,-16.0594,72488,34000000000
2026-08-28,295020,"RISE 국채선물10년인버스",60175,-190,-0.31,60127,1.4793,8,33800000000
2026-08-28,449780,"KIWOOM 미국S&P500(H)",18705,70,0.38,18638,1.2258,7697,33700000000
2026-08-28,105780,"RISE 5대그룹주",16810,150,0.9,16889,-17.586,1861,33600000000
2026-08-28,496770,"PLUS 글로벌방산",18050,70,0.39,18080,-1.963,13358,33400000000
2026-08-28,122260,"KIWOOM 통안채1년",104145,15,0.01,104142,0.6524,3061,33300000000
2026-08-28,099140,"KODEX 차이나H",21485,-165,-0.76,21460,-7.3429,9156,33300000000
2026-08-28,261140,"TIGER 우선주",24710,-20,-0.08,24777,-11.499,10651,33100000000
2026-08-28,465660,"TIGER 일본반도체FACTSET",24520,125,0.51,24447,-10.7001,10287,33100000000
2026-08-28,0023B0,"PLUS 미국양자컴퓨팅TOP10",16120,-295,-1.8,15898,-27.5756,35501,33000000000
2026-08-28,0184E0,"1Q 200채권혼합50액티브",11000,-10,-0.09,11054,-6.0936,119522,33000000000
2026-08-28,227540,"TIGER 200 헬스케어",20120,-370,-1.81,20161,1.763,21337,33000000000
2026-08-28,174360,"RISE 중국본토대형주CSI100",23450,-75,-0.32,23614,-13.6856,2441,32800000000
2026-08-28,491090,"KODEX 미국테크TOP3플러스",17725,110,0.62,17553,-9.4976,125377,32800000000
2026-08-28,474800,"KIWOOM 미국원유에너지기업",15600,-90,-0.57,15697,-1.3598,33910,32800000000
2026-08-28,476690,"TIGER 글로벌비만치료제TOP2Plus",10900,-330,-2.94,10934,2.8743,9498,32700000000
2026-08-28,459560,"KODEX 테슬라밸류체인FactSet",21565,190,0.89,21417,-19.5402,5411,32300000000
2026-08-28,256440,"ACE MSCI인도네시아(합성)",5300,-55,-1.03,5388,-7.5928,16510,32300000000
2026-08-28,0138T0,"RISE 미국S&P500데일리고정커버드콜",9500,0,0,9509,-6.4966,21455,32300000000
2026-08-28,465350,"RISE 2차전지TOP10인버스(합성)",16105,-1040,-6.07,16203,21.5095,269157,32200000000
2026-08-28,0150K0,"KoAct 수소전력ESS인프라액티브",11105,505,4.76,11156,-33.9153,47840,32200000000
2026-08-28,0192T0,"SOL 코스닥TOP10",7470,135,1.84,7503,-28.0883,353903,32100000000
2026-08-28,271060,"KODEX 3대농산물선물(H)",9065,245,2.78,9093,5.5023,122600,32100000000
2026-08-28,0083S0,"1Q 미국메디컬AI",11050,-185,-1.65,11035,12.5305,22351,32000000000
2026-08-28,426150,"WON 대한민국국고채액티브",51235,10,0.02,51422,-2.121,53,31900000000
2026-08-28,248270,"TIGER S&P글로벌헬스케어(합성)",27275,-280,-1.02,27100,6.2259,2416,31600000000
2026-08-28,266360,"KODEX K콘텐츠",9885,-145,-1.45,9912,-9.6804,19950,31600000000
2026-08-28,459750,"RISE 글로벌주식분산액티브",18045,30,0.17,17964,-5.238,7735,31600000000
2026-08-28,139270,"TIGER 200 금융",16930,30,0.18,16976,-0.4976,26419,31500000000
2026-08-28,395170,"KODEX Top10동일가중",15735,80,0.51,15709,-21.7148,3705,31500000000
2026-08-28,0085N0,"ACE 미국10년국채액티브(H)",9800,-5,-0.05,9805,-0.157,28017,31400000000
2026-08-28,245350,"TIGER 유로스탁스배당30",19585,-35,-0.18,19659,-1.4325,1277,31300000000
2026-08-28,0089B0,"PLUS 미국나스닥100미국채혼합50",11190,10,0.09,11164,-8.3935,49597,31300000000
2026-08-28,494410,"PLUS 미국S&P500성장주",14240,5,0.04,14140,-6.7398,4284,31300000000
2026-08-28,156080,"KODEX MSCI Korea",51745,375,0.73,52094,-14.2865,4923,31000000000
2026-08-28,0192M0,"RISE 삼성전자단일종목레버리지",11375,230,2.06,11521,,22755,31000000000
2026-08-28,395290,"HANARO Fn K-POP&미디어",4920,-50,-1.01,4903,-22.4649,139833,31000000000
2026-08-28,0204S0,"TIGER 코스닥액티브",6815,105,1.56,6848,,41287,30900000000
2026-08-28,468630,"KODEX iShares미국투자등급회사채액티브",10935,-15,-0.14,10927,-8.7054,11253,30700000000
2026-08-28,275290,"KODEX 가치주",34100,0,0,34320,-9.9359,821,30700000000
2026-08-28,476070,"KODEX 글로벌비만치료제TOP2 Plus",11365,-325,-2.78,11447,3.1712,21187,30700000000
2026-08-28,0155N0,"HANARO K휴머노이드테마TOP10",7610,-5,-0.07,7630,-31.2105,43352,30400000000
2026-08-28,464920,"PLUS 일본반도체소부장",24275,-255,-1.04,24286,-4.6453,20521,30300000000
2026-08-28,446690,"KODEX 아시아AI반도체exChina액티브",60460,980,1.65,60639,-21.3435,10084,30200000000
2026-08-28,261250,"KODEX 미국달러선물레버리지",15905,-100,-0.62,15917,-14.7537,43910,30100000000
2026-08-28,469790,"KIWOOM 코리아테크TOP10",42915,290,0.68,43173,-14.0959,1014,30000000000
2026-08-28,117680,"KODEX 철강",12995,270,2.12,13037,-22.8619,86695,30000000000
2026-08-28,192720,"파워 고배당저변동성",58830,-245,-0.41,58589,-2.1309,2448,30000000000
2026-08-28,415340,"KODEX 차이나과창판STAR50(합성)",14445,325,2.3,14643,-18.0262,27835,29900000000
2026-08-28,0155M0,"ACE 미국SMR원자력TOP10",7195,-195,-2.64,7145,-18.3877,60595,29900000000
2026-08-28,387270,"TIGER 글로벌이노베이션액티브",24635,330,1.36,24544,-17.7218,1024,29800000000
2026-08-28,145850,"TREX 펀더멘탈 200",118655,430,0.36,118185,-9.0394,3,29700000000
2026-08-28,450190,"KODEX 한중반도체(합성)",49230,1460,3.06,49521,-20.2837,670,29500000000
2026-08-28,117460,"KODEX 에너지화학",13575,120,0.89,13595,-20.82,19816,29500000000
2026-08-28,253250,"KIWOOM 200선물레버리지",100970,2280,2.31,101144,-39.6558,32911,29300000000
2026-08-28,0107F0,"KIWOOM 미국고배당&AI테크",11475,0,0,11478,-5.2814,5926,29300000000
2026-08-28,289480,"TIGER 200커버드콜",12705,90,0.71,12812,10.291,16810,29200000000
2026-08-28,0203S0,"WON 삼성전자현대차채권혼합50",8720,10,0.11,8712,,44149,29200000000
2026-08-28,494340,"ACE 글로벌AI맞춤형반도체",19205,530,2.84,18871,-22.8625,8904,28800000000
2026-08-28,223190,"KODEX 200가치저변동",28310,110,0.39,28269,-10.3698,2095,28300000000
2026-08-28,0218J0,"RISE 미국우주&로봇TOP2미국채혼합50",8935,5,0.06,8908,,57320,28100000000
2026-08-28,0166N0,"PLUS 코스닥150액티브",7780,300,4.01,7832,-35.0977,55069,28000000000
2026-08-28,475380,"RISE 글로벌리얼티인컴",10500,-65,-0.62,10525,-8.4347,3153,27800000000
2026-08-28,252710,"TIGER 200선물인버스2X",82,-2,-2.38,82,-17.6471,106126146,27700000000
2026-08-28,261060,"TIGER 코스닥150IT",23695,510,2.2,23851,-29.0219,15603,27500000000
2026-08-28,440340,"TIGER 글로벌멀티에셋TIF액티브",12130,-5,-0.04,12084,-6.7853,7301,27300000000
2026-08-28,459790,"KIWOOM 미국성장기업30액티브",20195,85,0.42,20001,-16.8321,191,27300000000
2026-08-28,493420,"SOL 미국배당다우존스2호",12980,-85,-0.65,12982,-1.3159,12066,27300000000
2026-08-28,0137W0,"KIWOOM 미국S&P500&GOLD",10475,-5,-0.05,10454,-5.6652,4802,27200000000
2026-08-28,167860,"KIWOOM 국고채10년레버리지",93340,340,0.37,93372,-1.3995,17,27100000000
2026-08-28,0013R0,"RISE 테슬라미국채타겟커버드콜혼합(합성)",7960,25,0.32,7881,-13.0313,14035,27100000000
2026-08-28,225130,"ACE 골드선물 레버리지(합성 H)",54005,-395,-0.73,53723,0.369,3649,27000000000
2026-08-28,0198D0,"1Q SK하이닉스선물단일종목레버리지",9250,385,4.34,9373,,55306,27000000000
2026-08-28,419430,"KODEX 차이나2차전지MSCI(합성)",9610,-130,-1.33,9636,-21.1975,1275,26900000000
2026-08-28,437350,"RISE 미국단기투자등급회사채액티브",12230,-30,-0.24,12225,-7.3319,20389,26900000000
2026-08-28,0223R0,"TIGER 미국테크NYSE100액티브",9315,185,2.03,9196,,41478,26800000000
2026-08-28,0164G0,"RISE 차이나AI반도체TOP4Plus",12755,215,1.71,12886,-23.4666,32417,26800000000
2026-08-28,456680,"TIGER 차이나전기차레버리지(합성)",6545,-80,-1.21,6608,-42.7151,24042,26700000000
2026-08-28,0152E0,"SOL 배당성향탑픽액티브",10890,-50,-0.46,10871,-7.0306,15252,26700000000
2026-08-28,245360,"TIGER 차이나HSCEI",12335,-200,-1.6,12395,-6.998,2766,26500000000
2026-08-28,479850,"HANARO K-뷰티",19640,-560,-2.77,19726,26.25,83138,26500000000
2026-08-28,461600,"SOL 미국30년국채액티브(H)",8415,25,0.3,8424,-1.814,6005,26500000000
2026-08-28,185680,"KODEX 미국S&P바이오(합성)",49665,-145,-0.29,49661,16.692,1803,26400000000
2026-08-28,368190,"HANARO Fn K-뉴딜디지털플러스",8245,155,1.92,8216,-10.8049,1293,26400000000
2026-08-28,0049K0,"ACE 미국배당퀄리티채권혼합50",11170,-10,-0.09,11133,-3.1137,14000,26200000000
2026-08-28,489290,"WON 미국빌리어네어",14975,135,0.91,14757,-10.2239,819,26200000000
2026-08-28,0103T0,"1Q K소버린AI",8850,-50,-0.56,8887,-4.1465,12755,26100000000
2026-08-28,0115C0,"RISE 미국고배당다우존스TOP10",11275,-150,-1.31,11284,-1.1736,56120,25900000000
2026-08-28,0047R0,"RISE 팔란티어고정테크100",15220,80,0.53,15215,-1.906,3397,25900000000
2026-08-28,277540,"ACE 아시아TOP50",32270,135,0.42,32082,-8.1858,132,25800000000
2026-08-28,414270,"ACE 글로벌자율주행액티브",11825,-105,-0.88,11802,-18.2877,13361,25400000000
2026-08-28,0097L0,"KIWOOM 한국고배당&미국AI테크",12655,-20,-0.16,12649,-5.0171,8316,25300000000
2026-08-28,496120,"ACE 코리아밸류업",33465,360,1.09,33604,-12.8807,360,25100000000
2026-08-28,483570,"KCGI 미국S&P500 TOP10",15535,5,0.03,15434,-10.9263,1180,24900000000
2026-08-28,292500,"SOL KRX300",49135,315,0.65,49450,-15.7347,30,24600000000
2026-08-28,411540,"SOL 200 Top10",17520,215,1.24,17589,-17.2653,4159,24500000000
2026-08-28,139250,"TIGER 200 에너지화학",17510,175,1.01,17528,-16.973,18910,24500000000
2026-08-28,292160,"TIGER KRX300",48700,735,1.53,48535,-15.2918,1789,24400000000
2026-08-28,159800,"마이티 코스피100",86775,1320,1.54,86787,-15.118,189,24300000000
2026-08-28,195970,"PLUS 선진국MSCI(합성 H)",16585,-55,-0.33,16701,5.5837,2060,24200000000
2026-08-28,0198B0,"1Q 삼성전자선물단일종목레버리지",11655,265,2.33,11790,,15529,24200000000
2026-08-28,289250,"TIGER MSCI KOREA ESG유니버설",34870,200,0.58,35083,-12.6094,964,24100000000
2026-08-28,367740,"HANARO Fn5G산업",43705,1225,2.88,43559,-14.8527,1149,24000000000
2026-08-28,481340,"RISE 미국30년국채액티브",8730,-10,-0.11,8723,-9.1978,24408,24000000000
2026-08-28,269420,"KODEX S&P글로벌인프라(합성)",22540,195,0.87,22476,-10.225,3865,24000000000
2026-08-28,461450,"KODEX 코스닥글로벌",15965,350,2.24,16066,-23.249,12687,23900000000
2026-08-28,280930,"KODEX 미국러셀2000(H)",16975,-45,-0.26,16987,3.2453,4504,23800000000
2026-08-28,0093D0,"KoAct 팔란티어밸류체인액티브",17595,335,1.94,17555,-11.9164,45960,23800000000
2026-08-28,442550,"RISE TDF2030액티브 적격",14780,30,0.2,14683,-4.2055,10282,23600000000
2026-08-28,364690,"KODEX 혁신기술테마액티브",39100,295,0.76,39388,-17.3725,371,23500000000
2026-08-28,138230,"KIWOOM 미국달러선물",16170,-45,-0.28,16171,-7.2369,3527,23400000000
2026-08-28,388280,"RISE K엔터&여행레저",7060,-95,-1.33,7108,-13.3778,5824,23400000000
2026-08-28,0127R0,"RISE 미국AI클라우드인프라",17240,700,4.23,16682,-14.1588,33423,23300000000
2026-08-28,438320,"TIGER 차이나항셍테크레버리지(합성 H)",5295,-20,-0.38,5306,-15.5008,7906,23200000000
2026-08-28,0206G0,"1Q 현대차기아채권혼합50",8135,-145,-1.75,8159,,269197,23200000000
2026-08-28,471460,"KIWOOM 국고채30년액티브",46170,635,1.39,46176,-6.8397,667,23100000000
2026-08-28,204450,"KODEX 차이나H레버리지(H)",2330,-55,-2.31,2360,-3.2455,24579,23100000000
2026-08-28,300950,"KODEX 게임산업",5480,-105,-1.88,5452,-12.3922,30958,23000000000
2026-08-28,217770,"TIGER 원유선물인버스(H)",1312,-2,-0.15,1317,0.9216,141877,22900000000
2026-08-28,477730,"KODEX 인도타타그룹",7515,-60,-0.79,7510,-6.9231,1657,22500000000
2026-08-28,469160,"ACE 일본반도체",25030,70,0.28,25047,-16.9523,3811,22500000000
2026-08-28,0067V0,"TIGER 차이나글로벌리더스TOP3+",10220,-50,-0.49,10237,-14.5236,364,22500000000
2026-08-28,0047P0,"RISE 테슬라고정테크100",14455,60,0.42,14317,-12.4892,1537,22400000000
2026-08-28,0177A0,"WON 두산그룹포커스",9090,115,1.28,9129,-30.21,42381,22300000000
2026-08-28,0065G0,"KODEX 차이나테크TOP10",8730,-95,-1.08,8816,-15.2415,6375,22300000000
2026-08-28,375760,"HANARO 탄소효율그린뉴딜",24715,620,2.57,24628,-14.8221,110,22200000000
2026-08-28,404260,"KODEX 기후변화솔루션",24710,815,3.41,24615,-20.9308,464,22200000000
2026-08-28,376410,"TIGER 탄소효율그린뉴딜",24565,135,0.55,24719,-13.8494,693,22100000000
2026-08-28,433220,"에셋플러스 글로벌대장장이액티브",29810,225,0.76,29562,-18.3074,90,22100000000
2026-08-28,0153X0,"PLUS 미국고배당주액티브",11605,-40,-0.34,11609,2.4137,59446,22000000000
2026-08-28,464600,"SOL 자동차소부장Fn",23150,-60,-0.26,23257,-27.3212,8277,22000000000
2026-08-28,239660,"PLUS 우량회사채50",121800,85,0.07,121802,0.6866,388,21900000000
2026-08-28,0186L0,"KoAct 미국로봇피지컬AI액티브",9290,210,2.31,9159,-18.7836,21481,21800000000
2026-08-28,447660,"PLUS 애플채권혼합",13630,15,0.11,13684,-1.7713,16428,21800000000
2026-08-28,108590,"TREX 200",108855,1490,1.39,109024,-14.9639,84,21800000000
2026-08-28,0026E0,"KODEX 미국S&P500버퍼3월액티브",11715,-15,-0.13,11724,-5.2122,115,21700000000
2026-08-28,465670,"TIGER 미국캐시카우100",17130,-105,-0.61,16962,7.5458,17131,21400000000
2026-08-28,463300,"RISE 중국본토CSI300",13330,100,0.76,13413,-12.0853,1901,21300000000
2026-08-28,253290,"RISE 헬스케어채권혼합",11845,-35,-0.29,11910,-3.4783,21372,21300000000
2026-08-28,371450,"TIGER 글로벌클라우드컴퓨팅INDXX",13595,60,0.44,13479,8.107,2985,21200000000
2026-08-28,416090,"ACE 중국과창판STAR50",13190,380,2.97,13212,-19.1799,7668,21100000000
2026-08-28,417630,"TIGER KEDI혁신기업ESG30",20070,290,1.47,20132,-10.2134,1353,21100000000
2026-08-28,226980,"KODEX 200 중소형",23220,185,0.8,23352,-16.9072,30636,20900000000
2026-08-28,337120,"KODEX 멀티팩터",34810,620,1.81,34683,-15.4586,6,20900000000
2026-08-28,300640,"RISE 게임테마",6425,-50,-0.77,6429,-9.6932,3572,20900000000
2026-08-28,0192S0,"SOL 코스피200채권혼합50",9470,40,0.42,9516,-7.1264,96558,20800000000
2026-08-28,091220,"TIGER 은행",16785,125,0.75,16799,7.1654,23297,20800000000
2026-08-28,152380,"KODEX 국채선물10년",65310,190,0.29,65398,-0.565,1494,20800000000
2026-08-28,304770,"HANARO 코스닥150",14555,350,2.46,14526,-28.4383,16571,20700000000
2026-08-28,437070,"KODEX 아시아달러채권ESG플러스액티브",59495,-185,-0.31,59527,-8.1301,175,20600000000
2026-08-28,0224X0,"1Q 엔비디아알파벳미국채혼합50",9790,25,0.26,9633,,114954,20600000000
2026-08-28,169950,"KODEX 차이나A50",25695,115,0.45,25843,-11.2576,914,20600000000
2026-08-28,364990,"TIGER 게임TOP10",4705,-105,-2.18,4709,-12.4659,108144,20500000000
2026-08-28,0231Z0,"KODEX 코리아TDF2065액티브 적격",10205,95,0.94,10220,,38894,20400000000
2026-08-28,404120,"TIME K신재생에너지액티브",25465,365,1.45,25640,-21.7093,1430,20400000000
2026-08-28,0223A0,"RISE 코스닥커버드콜액티브",10965,315,2.96,10957,,294374,20300000000
2026-08-28,289040,"KODEX MSCI KOREA ESG유니버설",33755,985,3.01,33638,-13.7897,7,20300000000
2026-08-28,0144M0,"KODEX 미국드론UAM TOP10",7355,-15,-0.2,7312,-23.4684,58965,20200000000
2026-08-28,489000,"PLUS 일본엔화초단기국채(합성)",9165,-45,-0.49,9180,-7.9,30191,20200000000
2026-08-28,407310,"HANARO 200 TOP10",17235,295,1.74,17215,-16.9867,235,19800000000
2026-08-28,213630,"PLUS 미국다우존스고배당주(합성 H)",21255,255,1.21,21309,3.5247,15168,19600000000
2026-08-28,0190M0,"KIWOOM 미국AI테크하이베타",8315,135,1.65,8138,-27.8978,113576,19500000000
2026-08-28,487950,"KODEX 대만테크고배당다우존스",13400,45,0.34,13378,-3.0546,22528,19400000000
2026-08-28,379790,"RISE 유로스탁스50(H)",17625,-15,-0.09,17589,6.6704,26055,19400000000
2026-08-28,497780,"KoAct 미국천연가스인프라액티브",10745,185,1.75,10648,-11.2988,18828,19300000000
2026-08-28,284980,"RISE 200금융",22450,15,0.07,22577,-0.5545,1170,19300000000
2026-08-28,0203R0,"WON 중단기종합채권(A-이상)액티브",50460,5,0.01,50491,,22320,19200000000
2026-08-28,304760,"HANARO KRX300",47765,1205,2.59,47591,-15.6366,60,19100000000
2026-08-28,228820,"TIGER KTOP30",19100,260,1.38,19130,-13.0114,3859,19100000000
2026-08-28,0104P0,"TIGER 코리아배당다우존스위클리커버드콜",11115,-65,-0.58,11123,-5.0146,6770,18900000000
2026-08-28,229720,"KODEX KTOP30",37710,335,0.9,37912,-13.3289,1897,18900000000
2026-08-28,0018Z0,"RISE 미국양자컴퓨팅",17955,-95,-0.53,17852,-19.4252,21060,18900000000
2026-08-28,0105D0,"SOL 한국AI소프트웨어",9835,-10,-0.1,9850,-5.6993,41452,18700000000
2026-08-28,183710,"RISE 주식혼합",93400,800,0.86,93211,-11.1868,18,18700000000
2026-08-28,445910,"TIGER MKF배당귀족",20585,-315,-1.51,20726,-7.2997,1890,18500000000
2026-08-28,445690,"BNK 주주가치액티브",30520,55,0.18,30397,-13.3533,24,18300000000
2026-08-28,415760,"SOL 차이나육성산업액티브(합성)",13345,385,2.97,13564,-18.924,26717,18100000000
2026-08-28,385600,"ACE 2차전지&친환경차액티브",12035,295,2.51,12104,-23.8898,7755,18100000000
2026-08-28,468370,"KODEX iShares미국인플레이션국채액티브",10760,-20,-0.19,10753,-8.1606,3524,18000000000
2026-08-28,276000,"TIGER 글로벌자원생산기업(합성 H)",21115,-645,-2.96,21437,6.1722,2977,17900000000
2026-08-28,227830,"PLUS 코스피",71680,975,1.38,71542,-15.0599,121,17900000000
2026-08-28,195920,"TIGER 일본TOPIX(합성 H)",35520,260,0.74,35504,4.3195,277,17800000000
2026-08-28,225060,"TIGER 이머징마켓MSCI레버리지(합성 H)",16755,170,1.03,16804,-1.0442,98,17800000000
2026-08-28,483330,"ACE 마이크로소프트밸류체인액티브",14780,280,1.93,14557,-5.8136,3393,17700000000
2026-08-28,449580,"RISE 테슬라애플아마존채권혼합",16095,-15,-0.09,16110,-5.6758,4061,17700000000
2026-08-28,461910,"PLUS 미국테크TOP10레버리지(합성)",35360,195,0.55,34804,-24.2134,137,17700000000
2026-08-28,461900,"PLUS 미국테크TOP10",22025,185,0.85,21845,-11.9888,2129,17600000000
2026-08-28,474920,"에셋플러스 차이나일등기업포커스10액티브",18735,45,0.24,18602,-1.5798,198,17600000000
2026-08-28,0193K0,"PLUS 삼성전자단일종목레버리지",12320,360,3.01,12490,,16066,17600000000
2026-08-28,289260,"TIGER MSCI KOREA ESG리더스",28920,300,1.05,29020,-10.4926,4271,17400000000
2026-08-28,292050,"RISE KRX300",49510,380,0.77,49719,-15.6422,79,17300000000
2026-08-28,236350,"TIGER 인도니프티50레버리지(합성)",27885,-415,-1.47,27788,-14.9768,474,17300000000
2026-08-28,460660,"RISE 미국S&P배당킹",12305,60,0.49,12213,3.2132,1792,17200000000
2026-08-28,477490,"에셋플러스 글로벌일등기업포커스10액티브",19105,-5,-0.03,18984,-13.1956,1125,17200000000
2026-08-28,0086C0,"TIGER 리츠부동산인프라10채권혼합액티브",9810,-65,-0.66,9849,-1.9244,6401,17200000000
2026-08-28,457690,"KODEX 33-06 국고채액티브",10525,10,0.1,10535,0.0951,13806,17100000000
2026-08-28,391670,"HK 베스트일레븐액티브",28200,195,0.7,28380,-15.5713,135,16900000000
2026-08-28,250730,"RISE 차이나HSCEI(H)",9875,-245,-2.42,10059,1.8621,4580,16800000000
2026-08-28,419650,"PLUS 글로벌수소&차세대연료전지",5165,-20,-0.39,5114,-39.5336,11522,16800000000
2026-08-28,494420,"PLUS 미국배당증가성장주데일리커버드콜",9295,-30,-0.32,9277,-1.9228,6951,16700000000
2026-08-28,332620,"PLUS 미국장기우량회사채",89440,75,0.08,89443,-9.8322,1216,16700000000
2026-08-28,291130,"ACE MSCI멕시코(합성)",18440,80,0.44,18481,-8.429,95,16600000000
2026-08-28,131890,"ACE 삼성그룹동일가중",41450,905,2.23,41555,-4.5327,10885,16600000000
2026-08-28,266410,"KODEX 필수소비재",10160,-180,-1.74,10195,7.9703,41422,16300000000
2026-08-28,219390,"RISE 미국S&P원유생산기업(합성 H)",7990,125,1.59,8139,6.644,14781,16000000000
2026-08-28,0104G0,"PLUS K방산레버리지",6650,500,8.13,6692,-55.5797,84020,16000000000
2026-08-28,432840,"HANARO 미국S&P500",19785,-20,-0.1,19753,-5.6209,501,15800000000
2026-08-28,265690,"ACE 러시아MSCI(합성)",8535,0,0,48,0,0,15800000000
2026-08-28,453630,"KODEX 미국S&P500필수소비재",12570,-60,-0.48,12582,-5.7722,10706,15700000000
2026-08-28,0216Z0,"ACE K방산TOP5+",9200,385,4.37,9194,,45782,15600000000
2026-08-28,337150,"KODEX 200exTOP",25755,145,0.57,25770,-14.6796,199,15500000000
2026-08-28,0207Z0,"KIWOOM 미국우주데이터센터인프라",6995,95,1.38,6885,,25930,15400000000
2026-08-28,438900,"HANARO Fn K-푸드",11825,-360,-2.95,11776,4.1517,68229,15400000000
2026-08-28,488290,"MIDAS 일본테크액티브",43895,365,0.84,44096,-16.4812,859,15400000000
2026-08-28,0051A0,"KoAct 브로드컴밸류체인액티브",23575,480,2.08,23175,-15.3099,7260,15300000000
2026-08-28,413930,"WON AI ESG액티브",27810,370,1.35,27975,-17.2747,76,15300000000
2026-08-28,102960,"KODEX 기계장비",14300,685,5.03,14249,-30.6596,46060,15200000000
2026-08-28,114460,"ACE 국고채3년",100985,105,0.1,101020,0.6328,63,15100000000
2026-08-28,104520,"KIWOOM 블루칩",15130,15,0.1,15166,-8.4781,132,15100000000
2026-08-28,491510,"파워 K-주주가치액티브",17765,-265,-1.47,17884,-5.2106,69,15100000000
2026-08-28,453820,"KODEX 인도Nifty50레버리지(합성)",11550,-220,-1.87,11535,-14.1503,22212,15000000000
2026-08-28,0220A0,"KIWOOM 현대차그룹TOP3채권혼합50",9340,-120,-1.27,9342,,55144,14900000000
2026-08-28,387280,"TIGER 퓨처모빌리티액티브",11725,200,1.74,11795,-27.6977,1285,14900000000
2026-08-28,453010,"PLUS KOFR금리",109800,5,0,109810,0.6462,1120,14700000000
2026-08-28,404650,"SOL KRX기후변화솔루션",24310,385,1.61,24409,-21.2274,80,14600000000
2026-08-28,0090B0,"PLUS K방산소부장",6765,95,1.42,6774,-46.1446,32662,14500000000
2026-08-28,244620,"KODEX 모멘텀Plus",20455,420,2.1,20593,-20.7947,1744,14300000000
2026-08-28,234310,"RISE V&S셀렉트밸류",28575,65,0.23,28718,-12.9067,30,14300000000
2026-08-28,0013P0,"RISE 미국은행TOP10",12930,-70,-0.54,12919,5.7033,2541,14200000000
2026-08-28,0028X0,"KODEX 미국금융테크액티브",12300,-55,-0.45,12312,9.5165,2949,14100000000
2026-08-28,373490,"KODEX 코리아혁신성장액티브",25705,370,1.46,25893,-28.6439,139,14100000000
2026-08-28,0004G0,"1Q 미국배당TOP30",9350,-5,-0.05,9351,1.0617,1679,14000000000
2026-08-28,0222F0,"마이티 AI데이터센터밸류체인",13325,485,3.78,13362,,60093,14000000000
2026-08-28,417450,"RISE 글로벌수소경제",16375,45,0.28,16223,-30.3828,2330,13900000000
2026-08-28,272570,"RISE 중장기국공채액티브",108305,200,0.19,108349,0.4413,40,13900000000
2026-08-28,496130,"TRUSTON 코리아밸류업액티브",25630,355,1.4,25602,-15.9042,13,13800000000
2026-08-28,0153P0,"ACE 리츠부동산인프라액티브",9530,-30,-0.31,9554,-3.1276,2973,13800000000
2026-08-28,130680,"TIGER 원유선물Enhanced(H)",6695,20,0.3,6687,-8.1212,36114,13700000000
2026-08-28,0088N0,"WON K-글로벌수급상위",10825,55,0.51,10886,-24.2084,13569,13500000000
2026-08-28,485810,"TIME 글로벌바이오액티브",11760,-125,-1.05,11718,13.4606,18750,13500000000
2026-08-28,137610,"TIGER 농산물선물Enhanced(H)",5875,105,1.82,5915,5.9687,13311,13500000000
2026-08-28,0127T0,"KIWOOM 미국S&P500&배당다우존스비중전환",11185,35,0.31,11128,-5.1802,888,13400000000
2026-08-28,266390,"KODEX 경기소비재",14800,-250,-1.66,14855,3.1946,5189,13300000000
2026-08-28,0127V0,"KIWOOM 미국S&P500 TOP10&배당다우비중전환",10650,10,0.09,10610,-8.9672,2450,13300000000
2026-08-28,472720,"TRUSTON 주주가치액티브",25580,-70,-0.27,25702,-16.5583,218,13300000000
2026-08-28,252650,"KODEX 200동일가중",18990,-35,-0.18,18930,-9.7534,605,13300000000
2026-08-28,0194R0,"KIWOOM SK하이닉스선물단일종목레버리지",8715,340,4.06,8852,,20996,13300000000
2026-08-28,428560,"KODEX 미국ETF산업Top10 Indxx",16405,-30,-0.18,16493,-1.3467,1004,13100000000
2026-08-28,300610,"TIGER K게임",5355,-100,-1.83,5376,-10.427,17996,13100000000
2026-08-28,396510,"TIGER 차이나클린에너지SOLACTIVE",7250,-175,-2.36,7340,-22.1699,2811,13100000000
2026-08-28,360150,"KODEX 코스닥150롱코스피200숏선물",3180,20,0.63,3183,-21.9754,33269,13000000000
2026-08-28,395760,"PLUS ESG성장주액티브",21625,155,0.72,21699,-14.8692,29,13000000000
2026-08-28,290080,"RISE 200고배당커버드콜ATM",7390,-25,-0.34,7374,15.461,9344,12900000000
2026-08-28,489860,"KIWOOM 글로벌전력GRID인프라",15075,80,0.53,15060,-14.5406,4422,12800000000
2026-08-28,279540,"KODEX 최소변동성",21280,320,1.53,21422,-15.4031,467,12800000000
2026-08-28,0015F0,"KIWOOM 팔란티어미국30년국채혼합액티브(H)",10605,-15,-0.14,10662,6.528,3885,12700000000
2026-08-28,409810,"KODEX 미국나스닥100선물인버스(H)",5530,-55,-0.98,5577,1.7304,296647,12700000000
2026-08-28,435040,"ACE 글로벌브랜드TOP10",19390,-155,-0.79,19322,-5.6629,376,12600000000
2026-08-28,176950,"KODEX 국채선물10년인버스",59980,-205,-0.34,59931,1.5266,8679,12600000000
2026-08-28,0208N0,"IBK 코스피액티브",7620,125,1.67,7610,,11973,12600000000
2026-08-28,435550,"KIWOOM TDF2050액티브 적격",17940,0,0,17866,-6.3659,1383,12600000000
2026-08-28,0193L0,"PLUS 삼성전자선물단일종목인버스2X",9075,-195,-2.1,8981,,658814,12500000000
2026-08-28,400570,"KODEX 유럽탄소배출권선물ICE(H)",11375,-230,-1.98,11383,10.9995,1717,12500000000
2026-08-28,484890,"SOL 머니마켓액티브",52520,5,0.01,52516,0.6999,9480,12500000000
2026-08-28,363510,"SOL KIS단기통안채",112120,20,0.02,112125,0.5741,36,12400000000
2026-08-28,487750,"BNK 온디바이스AI",31000,1080,3.61,30962,-26.2873,1232,12400000000
2026-08-28,140580,"RISE 우량업종대표주",24605,-25,-0.1,24711,-15.4335,291,12300000000
2026-08-28,453060,"HANARO KOFR금리액티브(합성)",111370,25,0.02,111364,0.669,1020,12300000000
2026-08-28,251590,"PLUS 고배당저변동50",17480,35,0.2,17416,-2.9259,887,12200000000
2026-08-28,453660,"KODEX 미국S&P500경기소비재",17445,-165,-0.94,17480,-9.1626,1134,12200000000
2026-08-28,404540,"TIGER KRX기후변화솔루션",24410,540,2.26,24580,-21.4944,1682,12200000000
2026-08-28,457700,"KODEX 53-09 국고채액티브",9230,100,1.1,9221,-6.2629,344,12200000000
2026-08-28,0000H0,"KODEX 인도Nifty미드캡100",10580,-80,-0.75,10587,-5.7006,946,12200000000
2026-08-28,332610,"PLUS 미국단기회사채(AAA~A)",126000,-335,-0.27,126014,-7.1983,256,12100000000
2026-08-28,269530,"PLUS S&P글로벌인프라",20115,30,0.15,20172,-9.8598,418,12100000000
2026-08-28,0113G0,"KoAct 미국바이오헬스케어액티브",12025,-45,-0.37,12002,17.584,33838,12000000000
2026-08-28,269370,"TIGER S&P글로벌인프라(합성)",17115,35,0.2,17298,-10.0646,336,12000000000
2026-08-28,0221Z0,"ACE K바이오코스닥액티브",10880,-120,-1.09,10964,,174455,12000000000
2026-08-28,166400,"TIGER 200커버드콜OTM",23805,260,1.1,23926,3.08,1050,11900000000
2026-08-28,280920,"PLUS 주도업종",23800,180,0.76,23943,-18.0004,234,11900000000
2026-08-28,448490,"HANARO 32-10 국고채액티브",53125,140,0.26,53095,-0.7772,41931,11900000000
2026-08-28,410870,"TIME K컬처액티브",9915,-110,-1.1,9880,-8.0697,5378,11900000000
2026-08-28,354240,"RISE 미국고정배당우선증권",10685,30,0.28,10602,-9.3192,1990,11800000000
2026-08-28,0008E0,"ACE 미국중심중소형제조업",12365,140,1.15,12401,-18.0356,189,11700000000
2026-08-28,0084E0,"KIWOOM 미국대형주500월간목표헤지액티브",0,10205,100,10237,-7.3119,0,11700000000
2026-08-28,451600,"PLUS 국고채30년액티브",84735,690,0.82,84738,-7.1839,33,11600000000
2026-08-28,0222D0,"KoAct 고배당액티브",10545,-65,-0.61,10510,,337441,11600000000
2026-08-28,498050,"HANARO 바이오코리아액티브",11340,-40,-0.35,11299,-18.8013,3118,11300000000
2026-08-28,430500,"KIWOOM 물가채KIS",113205,345,0.31,113113,-0.34,23,11300000000
2026-08-28,464610,"SOL 의료기기소부장Fn",7530,-60,-0.79,7500,-18.867,9892,11300000000
2026-08-28,446700,"RISE 배터리 리사이클링",10820,360,3.44,10853,-25.4721,13062,11300000000
2026-08-28,451150,"에셋플러스 글로벌영에이지액티브",18145,30,0.17,17915,-4.0011,2,11200000000
2026-08-28,385710,"TIME K이노베이션액티브",11240,260,2.37,11220,-30.6381,945,11200000000
2026-08-28,463640,"KODEX 미국S&P500유틸리티",14020,85,0.61,13894,-11.7507,2808,11200000000
2026-08-28,407820,"에셋플러스 코리아플랫폼액티브",6230,70,1.14,6206,-23.6206,25406,11200000000
2026-08-28,139240,"TIGER 200 철강소재",11595,220,1.93,11605,-19.8097,52145,11100000000
2026-08-28,140710,"KODEX 운송",6515,-25,-0.38,6519,-4.2609,41788,11100000000
2026-08-28,419420,"KODEX 미국클린에너지나스닥",9160,55,0.6,9058,-28.4927,918,11000000000
2026-08-28,0094L0,"RISE 차이나테크TOP10위클리타겟커버드콜",7850,-80,-1.01,7776,-12.4969,14175,11000000000
2026-08-28,310080,"RISE 중국MSCI China(H)",9535,30,0.32,9481,-1.1955,3247,11000000000
2026-08-28,0002C0,"에셋플러스 인도일등기업포커스20액티브",10140,5,0.05,10168,1.35,825,11000000000
2026-08-28,371870,"ACE 차이나항셍테크",6840,-80,-1.16,6836,-12.956,3004,10900000000
2026-08-28,0203D0,"PLUS 200위클리커버드콜채권혼합",9050,40,0.44,9108,,27155,10900000000
2026-08-28,0001P0,"마이티 바이오시밀러&CDMO액티브",9690,50,0.52,9643,-16.174,1451,10900000000
2026-08-28,0191S0,"IBK 코스닥150",14615,225,1.56,14633,-28.2831,6788,10800000000
2026-08-28,0093B0,"RISE 엔비디아고정테크100",12690,110,0.87,12493,-8.2035,11345,10800000000
2026-08-28,461580,"TIGER 코스닥글로벌",16325,380,2.38,16401,-22.8406,7731,10600000000
2026-08-28,0068M0,"KODEX 미국S&P500버퍼6월액티브",0,11775,100,11801,-3.341,0,10600000000
2026-08-28,140570,"RISE 수출주",26140,205,0.79,26302,-17.9402,424,10500000000
2026-08-28,181480,"ACE 미국부동산리츠(합성 H)",86830,275,0.32,86244,1.9864,55,10400000000
2026-08-28,237440,"TIGER 경기방어채권혼합",10380,-95,-0.91,10443,2.0955,13247,10400000000
2026-08-28,456250,"KODEX 유럽명품TOP10 STOXX",9000,15,0.17,8968,-5.713,1731,10400000000
2026-08-28,487910,"ACE 인도컨슈머파워액티브",8535,-60,-0.7,8536,-2.9362,208,10200000000
2026-08-28,354350,"HANARO 글로벌럭셔리S&P(합성)",19650,-215,-1.08,19781,-7.0861,176,10200000000
2026-08-28,460270,"KIWOOM 미국달러SOFR금리액티브(합성)",12565,-25,-0.2,12561,-6.9613,8318,10200000000
2026-08-28,0189Z0,"DAISHIN 금융&지주고배당",10150,-110,-1.07,10262,,2639,10200000000
2026-08-28,0067Y0,"TIGER 차이나AI소프트웨어",10590,200,1.92,10676,-24.5188,12976,10100000000
2026-08-28,429010,"TIGER 미국나스닥넥스트100",20050,75,0.38,19896,-3.4558,1595,10000000000
2026-08-28,0120J0,"BNK 카카오그룹포커스",8005,-15,-0.19,7975,-7.9748,4457,10000000000
2026-08-28,0226G0,"WON 피지컬AI TOP2플러스액티브",12360,175,1.44,12417,,4401,9900000000
2026-08-28,463690,"KODEX 미국S&P500커뮤니케이션",17975,-90,-0.5,17987,-10.7256,12782,9900000000
2026-08-28,252000,"TIGER 200동일가중",19735,-165,-0.83,19826,-9.8594,1438,9900000000
2026-08-28,117690,"TIGER 차이나항셍30",19650,-115,-0.58,19801,-9.6458,860,9800000000
2026-08-28,281990,"RISE 중소형고배당",17665,-245,-1.37,17707,-4.9586,100,9700000000
2026-08-28,482030,"KoAct 반도체&2차전지핵심소재액티브",9230,280,3.13,9283,-34.1912,13972,9700000000
2026-08-28,0174R0,"KIWOOM 미국성장다우존스",11390,40,0.35,11296,-6.6172,1723,9700000000
2026-08-28,0214M0,"MIDAS 바이오헬스케어액티브",11165,-20,-0.18,11207,,1095,9500000000
2026-08-28,494180,"TIME 글로벌소비트렌드액티브",13475,-100,-0.74,13426,-4.603,477,9400000000
2026-08-28,449680,"TIGER 한중전기차(합성)",11070,205,1.89,11008,-27.2027,3,9400000000
2026-08-28,301400,"PLUS 코스닥150",14455,115,0.8,14663,-29.2027,6531,9400000000
2026-08-28,0227K0,"RISE 미국우주위성통신",9390,195,2.12,9383,,7989,9400000000
2026-08-28,0133E0,"TIGER 차이나증권",8935,55,0.62,9134,-2.3103,8524,9400000000
2026-08-28,0194N0,"KIWOOM 삼성전자선물단일종목레버리지",11355,280,2.53,11481,,18571,9400000000
2026-08-28,230480,"KIWOOM 미국달러선물인버스2X",4630,35,0.76,4642,16.7725,5936,9300000000
2026-08-28,399580,"RISE 글로벌클린에너지",9300,-40,-0.43,9326,-27.5373,4897,9300000000
2026-08-28,497510,"ACE 글로벌빅파마",13275,-260,-1.92,13313,4.5685,928,9300000000
2026-08-28,0224D0,"KIWOOM 미국CPU반도체TOP4+",9200,130,1.43,9142,,5182,9200000000
2026-08-28,341850,"TIGER 리츠부동산인프라채권",4575,-55,-1.19,4615,-0.2987,1902,9200000000
2026-08-28,0084D0,"KIWOOM 미국테크100월간목표헤지액티브",11375,35,0.31,11311,-9.0951,3,9100000000
2026-08-28,375270,"RISE 글로벌데이터센터리츠(합성)",13950,-135,-0.96,13953,-16.7308,719,9100000000
2026-08-28,381570,"HANARO Fn친환경에너지",10660,335,3.24,10707,-27.7973,23661,9100000000
2026-08-28,466810,"BNK 2차전지양극재",5985,260,4.54,6024,-28.7936,19674,9000000000
2026-08-28,174350,"TIGER 로우볼",21120,-335,-1.56,21214,4.4668,1692,8900000000
2026-08-28,0219B0,"KoAct 광통신&위성네트워크액티브",11075,365,3.41,11099,,68951,8900000000
2026-08-28,371150,"RISE 차이나항셍테크",6815,-90,-1.3,6830,-12.7252,1807,8900000000
2026-08-28,215620,"HK S&P코리아로우볼",16300,-245,-1.48,16304,-3.6401,1,8800000000
2026-08-28,395150,"KODEX 웹툰&드라마",1827,-13,-0.71,1830,-12.381,7288,8800000000
2026-08-28,105010,"TIGER 라틴35",6250,-40,-0.64,6244,-9.8459,1036,8800000000
2026-08-28,435540,"KIWOOM TDF2040액티브 적격",17410,-20,-0.11,17337,-6.1049,5542,8700000000
2026-08-28,497520,"ACE 일라이릴리밸류체인",13245,-240,-1.78,13331,8.6623,12894,8600000000
2026-08-28,0216K0,"KIWOOM 미국우주테크TOP2채권혼합50",8590,15,0.17,8574,,53321,8600000000
2026-08-28,270800,"RISE KQ고배당",15565,215,1.4,15506,-17.9449,56,8600000000
2026-08-28,462340,"에셋플러스 글로벌다이나믹시니어액티브",17085,-80,-0.47,16945,4.6965,209,8500000000
2026-08-28,429980,"SOL 한국형글로벌전기차&2차전지액티브",17010,45,0.27,17103,-21.8563,576,8500000000
2026-08-28,217780,"TIGER 차이나CSI300인버스(합성)",5460,10,0.18,5456,14.3756,633,8500000000
2026-08-28,225050,"TIGER 유로스탁스레버리지(합성 H)",16915,115,0.68,16895,9.768,181,8500000000
2026-08-28,457930,"BNK 미래전략기술액티브",28175,545,1.97,28073,-21.4834,247,8500000000
2026-08-28,0172Y0,"ACE K수출핵심TOP10산업액티브",9900,185,1.9,9886,-17.2135,7390,8400000000
2026-08-28,395280,"HANARO Fn K-게임",3570,-20,-0.56,3551,-10.5854,854,8400000000
2026-08-28,227550,"TIGER 200 산업재",12710,655,5.43,12700,-20.7169,2172,8400000000
2026-08-28,0219Z0,"HANARO 미국S&P500액티브",10475,90,0.87,10437,,3505,8400000000
2026-08-28,182490,"TIGER 단기선진하이일드(합성 H)",13920,-10,-0.07,13894,1.0518,636,8400000000
2026-08-28,395750,"PLUS ESG가치주액티브",20690,180,0.88,20714,-15.8046,4,8300000000
2026-08-28,0215T0,"HANARO 미국AI광통신TOP10",9180,460,5.28,8954,,30429,8300000000
2026-08-28,0184N0,"PLUS 은채권혼합",9045,-20,-0.22,9022,-7.5472,38711,8100000000
2026-08-28,253280,"RISE 헬스케어",13540,-175,-1.28,13535,-10.6515,5337,8100000000
2026-08-28,0226D0,"FOCUS 금융반도체지주채권혼합50액티브",10075,100,1,10086,,15878,8100000000
2026-08-28,480460,"WON 한국부동산TOP3플러스",9405,-110,-1.16,9396,-2.2344,443,8000000000
2026-08-28,487920,"ACE 인도시장대표BIG5그룹액티브",7990,-85,-1.05,7985,-7.184,1569,8000000000
2026-08-28,261110,"TIGER 미국달러선물레버리지",15960,-90,-0.56,15962,-14.6504,1868,8000000000
2026-08-28,0218K0,"BNK 스마트카",10545,80,0.76,10527,,712,7900000000
2026-08-28,189400,"PLUS 글로벌MSCI(합성 H)",26070,10,0.04,26034,1.9362,4,7800000000
2026-08-28,435530,"KIWOOM TDF2030액티브 적격",15445,-10,-0.06,15380,-6.077,1194,7700000000
2026-08-28,438740,"MIDAS 중소형액티브",34120,180,0.53,34232,-18.2465,2,7700000000
2026-08-28,225800,"KIWOOM 미국달러선물레버리지",15020,-85,-0.56,15024,-14.9015,294,7700000000
2026-08-28,494210,"SOL 미국500타겟데일리커버드콜액티브",10925,25,0.23,10879,-6.4146,5280,7600000000
2026-08-28,227570,"TIGER 우량가치",21220,-175,-0.82,21175,-7.5611,276,7600000000
2026-08-28,0082F0,"HANARO 유럽방산",10900,15,0.14,10948,0.4151,8044,7600000000
2026-08-28,285690,"FOCUS ESG리더스",21795,-5,-0.02,21873,-12.6778,3,7600000000
2026-08-28,0094X0,"1Q 샤오미밸류체인액티브",8470,-15,-0.18,8510,-15.082,1677,7600000000
2026-08-28,437370,"RISE 글로벌농업경제",10810,30,0.28,10717,-2.9687,2727,7600000000
2026-08-28,256450,"PLUS 심천차이넥스트(합성)",15020,-35,-0.23,15306,-20.7424,628,7500000000
2026-08-28,402460,"HANARO Fn K-메타버스MZ",14950,195,1.32,14881,-9.4572,89,7500000000
2026-08-28,368680,"KODEX K-뉴딜디지털플러스",8305,210,2.59,8277,-11.224,1525,7500000000
2026-08-28,326230,"RISE 내수주플러스",11585,-165,-1.4,11606,-5.8494,22,7400000000
2026-08-28,450180,"KODEX 한중전기차(합성)",11285,65,0.58,11306,-26.5948,2,7300000000
2026-08-28,304670,"KODEX 미국30년국채울트라선물인버스(H)",12200,-35,-0.29,12209,1.6196,4,7300000000
2026-08-28,0005C0,"RISE 미국S&P500엔화노출(합성 H)",11230,-30,-0.27,11204,-7.0958,1255,7300000000
2026-08-28,139660,"KIWOOM 미국달러선물인버스",8390,30,0.36,8402,8.5009,806,7300000000
2026-08-28,488480,"RISE 일본섹터TOP4Plus",13130,-55,-0.42,13171,-7.6643,1708,7200000000
2026-08-28,0047N0,"PLUS 차이나AI테크TOP10",10300,165,1.63,10303,-11.7545,4440,7200000000
2026-08-28,0176P0,"FOCUS AI반도체위클리고정커버드콜",12950,355,2.82,12914,-18.1689,8802,7100000000
2026-08-28,400590,"SOL 글로벌탄소배출권선물ICE(합성)",14135,-340,-2.35,14211,2.1884,1171,7100000000
2026-08-28,139290,"TIGER 200 경기소비재",25115,-710,-2.75,25236,-23.3566,2490,7000000000
2026-08-28,0138D0,"RISE 동학개미",12620,400,3.27,12679,-32.3367,3666,6900000000
2026-08-28,0166T0,"PLUS 글로벌저작권핵심기업액티브",9915,-170,-1.69,9993,-3.539,12106,6900000000
2026-08-28,244670,"KODEX 밸류Plus",11545,-190,-1.62,11628,-5.3541,153,6900000000
2026-08-28,0036Z0,"RISE 미국천연가스밸류체인",12570,240,1.95,12527,-11.6049,835,6900000000
2026-08-28,429740,"PLUS K리츠",6145,-5,-0.08,6164,-5.3859,1626,6800000000
2026-08-28,456200,"PLUS 미국달러SOFR금리액티브(합성)",59925,-195,-0.32,59849,-7.0861,86,6600000000
2026-08-28,316300,"ACE 싱가포르리츠",13100,-180,-1.36,13144,-6.8623,1044,6600000000
2026-08-28,0184V0,"UNICORN K바이오액티브",6170,70,1.15,6144,-34.1253,7338,6500000000
2026-08-28,315270,"TIGER 200커뮤니케이션서비스",20150,-235,-1.15,20192,-4.4242,19847,6400000000
2026-08-28,307510,"TIGER 의료기기",12755,-170,-1.32,12795,-22.1377,6182,6400000000
2026-08-28,0102X0,"ACE 유럽방산TOP10",9700,50,0.52,9702,-2.9498,1717,6300000000
2026-08-28,138920,"KODEX 콩선물(H)",12480,215,1.75,12498,2.2935,1084,6200000000
2026-08-28,451670,"RISE 국채30년레버리지(합성)",12395,295,2.44,12321,-15.7089,439,6200000000
2026-08-28,0087F0,"ACE 차이나AI빅테크TOP2+액티브",12380,-150,-1.2,12374,-9.6937,1238,6200000000
2026-08-28,291890,"KODEX MSCI EM선물(H)",12380,-70,-0.56,12465,-0.0803,1262,6200000000
2026-08-28,250780,"TIGER 코스닥150선물인버스",2365,-55,-2.27,2358,22.5316,331928,6100000000
2026-08-28,289670,"PLUS 국채선물10년",52390,135,0.26,52416,-0.3338,526,6100000000
2026-08-28,0114X0,"RISE 글로벌게임테크TOP3Plus",8660,85,0.99,8609,-0.5798,220,6100000000
2026-08-28,469530,"RISE 미국달러선물인버스",9400,45,0.48,9406,8.2754,8,6000000000
2026-08-28,219900,"ACE 중국본토CSI300레버리지(합성)",4245,105,2.54,4300,-27.6856,3096,5900000000
2026-08-28,0053M0,"더제이 중소형포커스액티브",13185,0,0,13243,-16.8664,176,5900000000
2026-08-28,0191B0,"MIDAS 코스닥액티브",29660,845,2.93,29946,-29.9502,146,5900000000
2026-08-28,488200,"KIWOOM K-2차전지북미공급망",13170,575,4.57,13241,-25.7489,5397,5900000000
2026-08-28,433250,"UNICORN R&D 액티브",23680,150,0.64,23783,-18.3554,16,5900000000
2026-08-28,314700,"HANARO 농업융복합산업",10685,-50,-0.47,10731,-18.6119,438,5900000000
2026-08-28,400580,"SOL 유럽탄소배출권선물S&P(H)",11700,-195,-1.64,11699,10.1621,59,5900000000
2026-08-28,407300,"HANARO Fn골프테마",10565,-20,-0.19,10538,-24.8788,2,5800000000
2026-08-28,483020,"KIWOOM 의료AI",9670,-125,-1.28,9672,-17.5158,11613,5800000000
2026-08-28,390400,"KODEX 미국스마트모빌리티S&P",7205,5,0.07,7157,-17.2253,6978,5800000000
2026-08-28,401590,"HANARO 글로벌탄소배출권선물ICE(합성)",11265,-315,-2.72,11339,1.3566,121,5700000000
2026-08-28,470310,"UNICORN 생성형AI강소기업액티브",18605,230,1.25,18721,-2,212,5600000000
2026-08-28,476310,"RISE 글로벌비만산업TOP2+",10145,-270,-2.59,10253,2.6876,385,5600000000
2026-08-28,220130,"SOL 차이나강소기업CSI500(합성 H)",6945,110,1.61,6997,-6.498,10608,5600000000
2026-08-28,432600,"RISE 국채선물3년",55490,130,0.23,55485,0.7644,4,5500000000
2026-08-28,267450,"RISE 미국장기국채선물인버스(H)",11075,-5,-0.05,11010,1.0948,1,5500000000
2026-08-28,413220,"SOL 차이나태양광CSI(합성)",4605,-85,-1.81,4663,-28.8316,287,5500000000
2026-08-28,499150,"SOL 미국S&P500엔화노출(H)",10965,-10,-0.09,10819,-6.106,11383,5500000000
2026-08-28,483030,"KIWOOM 미국블록버스터바이오테크의약품+",12165,-365,-2.91,12268,7.0743,2237,5500000000
2026-08-28,474390,"SOL 국고채30년액티브",40715,305,0.75,40813,-7.3591,20150,5500000000
2026-08-28,291630,"KIWOOM 코스닥150선물레버리지",3740,160,4.47,3769,-56.7111,58475,5400000000
2026-08-28,0132D0,"KoAct 글로벌K컬처밸류체인액티브",9815,-160,-1.6,9906,3.5288,312,5400000000
2026-08-28,490330,"KoAct 미국치매&뇌질환치료제액티브",15420,-95,-0.61,15488,13.6213,2412,5400000000
2026-08-28,321410,"KODEX 멀티에셋하이인컴(H)",10665,-50,-0.47,10712,0.7597,13,5300000000
2026-08-28,0015E0,"KIWOOM 엔비디아미국30년국채혼합액티브(H)",10645,70,0.66,10513,-0.8869,878,5300000000
2026-08-28,0174J0,"DAISHIN 오피스리츠플러스",8725,-130,-1.47,8825,-3.7812,3121,5200000000
2026-08-28,411860,"KIWOOM 독일DAX",17400,50,0.29,17321,-4.5245,375,5200000000
2026-08-28,295000,"RISE 국채선물10년",51715,205,0.4,51746,-0.6175,14,5200000000
2026-08-28,0154H0,"KoAct 차이나바이오헬스케어액티브",9275,75,0.82,9358,6.0518,3765,5100000000
2026-08-28,0073X0,"FOCUS 알리바바미국채커버드콜혼합",9125,-120,-1.3,9192,-10.0233,4550,5000000000
2026-08-28,498610,"RISE 인도디지털성장",8310,-90,-1.07,8323,-0.3066,607,5000000000
2026-08-28,0015K0,"TIGER 미국소비트렌드액티브",7295,-5,-0.07,7210,-5.0098,520,5000000000
2026-08-28,0128D0,"PLUS 차이나항셍테크위클리타겟커버드콜",7020,-65,-0.92,7023,-11.9937,2449,4900000000
2026-08-28,0131A0,"SOL 차이나소비트렌드",8075,70,0.87,8106,-14.0172,43,4800000000
2026-08-28,0078V0,"PLUS 미국로보택시",9630,-120,-1.23,9529,-15.0327,1298,4800000000
2026-08-28,267440,"RISE 미국장기국채선물(H)",8020,5,0.06,8166,-2.6124,389,4800000000
2026-08-28,227560,"TIGER 200 생활소비재",13325,-340,-2.49,13378,4.2108,16452,4800000000
2026-08-28,244660,"KODEX 퀄리티Plus",9480,-150,-1.56,9459,-3.1656,409,4700000000
2026-08-28,391600,"ACE 미국친환경그린테마",10530,70,0.67,10488,-21.442,350,4700000000
2026-08-28,266550,"PLUS 중형주저변동50",18790,-215,-1.13,18714,-4.3774,3,4700000000
2026-08-28,488210,"KIWOOM K-반도체북미공급망",22940,600,2.69,22862,-22.0066,476,4600000000
2026-08-28,373790,"KIWOOM 미국방어배당성장나스닥",16045,-5,-0.03,15968,-2.5248,191,4500000000
2026-08-28,205720,"ACE 일본TOPIX인버스(합성 H)",1454,8,0.55,1449,-5.9207,1829,4400000000
2026-08-28,243890,"TIGER 200에너지화학레버리지",8290,115,1.41,8266,-38.3019,7989,4400000000
2026-08-28,277650,"TIGER 코스피중형주",21295,130,0.61,21348,-16.228,79,4300000000
2026-08-28,226380,"ACE Fn성장소비주도주",6015,-80,-1.31,6000,-2.0097,1776,4200000000
2026-08-28,0050E0,"PLUS 미국AI에이전트",8245,175,2.17,8058,-6.1628,42924,4100000000
2026-08-28,238670,"PLUS 스마트베타Quality채권혼합",13645,-5,-0.04,13539,0.9615,10719,4100000000
2026-08-28,252420,"RISE 200선물인버스2X",80,-2,-2.44,79,-17.1718,1773295,4000000000
2026-08-28,334690,"RISE 팔라듐선물(H)",6035,-45,-0.74,6012,-5.5901,1488,3900000000
2026-08-28,291680,"RISE 차이나H선물인버스(H)",7720,150,1.98,7756,-2.9488,4,3900000000
2026-08-28,225030,"TIGER 미국S&P500선물인버스(H)",2250,-10,-0.44,2246,-1.3101,5393,3700000000
2026-08-28,427120,"RISE AI플랫폼",5330,50,0.95,5337,-13.1579,3557,3600000000
2026-08-28,267490,"RISE 미국장기국채선물레버리지(합성 H)",5095,-5,-0.1,5117,-1.5445,113,3600000000
2026-08-28,0079X0,"ACE BYD밸류체인액티브",10150,-105,-1.02,10135,-17.7956,1097,3600000000
2026-08-28,306530,"HANARO 코스닥150선물레버리지",7390,250,3.5,7512,-57.335,22020,3300000000
2026-08-28,454180,"KIWOOM 차이나내수소비TOP CSI",7700,-5,-0.06,7709,-7.942,329,3100000000
2026-08-28,476000,"UNICORN 포스트IPO액티브",5220,80,1.56,5199,-47.0377,11989,2900000000
2026-08-28,145670,"ACE 인버스",1287,-13,-1,1283,-0.3068,67596,2800000000
2026-08-28,252410,"RISE 200선물인버스",1313,-7,-0.53,1305,-0.6025,12504,2600000000
2026-08-28,491630,"RISE 미국반도체인버스(합성 H)",5480,-120,-2.14,5456,-3.9452,953,2600000000
2026-08-28,280940,"KODEX 골드선물인버스(H)",3245,10,0.31,3270,-2.9986,1723,2600000000
2026-08-28,291620,"KIWOOM 코스닥150선물인버스",4180,-85,-1.99,4178,21.5099,21255,2400000000
2026-08-28,253230,"KIWOOM 200선물인버스2X",76,-2,-2.56,75,-20.4082,1948804,2300000000
2026-08-28,275750,"RISE 코스닥150선물인버스",2390,-55,-2.25,2388,22.25,5117,2300000000
2026-08-28,280320,"ACE 미국IT인터넷(합성 H)",21620,180,0.84,21636,2.3144,3,2200000000
2026-08-28,334700,"RISE 팔라듐선물인버스(H)",3295,5,0.15,3318,0.1522,121,2100000000
2026-08-28,253240,"KIWOOM 200선물인버스",1314,-15,-1.13,1307,-0.9688,43265,1600000000
2026-08-28,306520,"HANARO 200선물인버스",2390,-25,-1.04,2382,-0.4124,4966,1400000000
2026-08-28,412560,"TIGER BBIG레버리지",1893,52,2.82,1895,-26.9445,18668,1300000000
2026-08-28,253160,"PLUS 200선물인버스2X",154,-4,-2.53,153,-21.7822,536718,1300000000
2026-08-28,261920,"ACE MSCI필리핀(합성)",12160,-420,-3.34,12194,-4.8772,717,1200000000
2026-08-28,465620,"ACE 미국빅테크TOP7 Plus인버스(합성)",6550,-5,-0.08,6558,6.1538,841,700000000
